__bukit_timah:Bukit Timah
__bukit_batok:Bukit Batok
__lim_chong_pang:Lim Chong Pang
__taman_jurong:Taman Jurong
__aljunied_avenue:Aljunied Avenue
__kampong_ubi:Kampong Ubi
__hussein_aljunied:Hussein Aljunied
__chong_pang:Chong Pang
__kampong_java:Kampong Java
__kampong_glam:Kampong Glam
__kampong_ampat:Kampong Ampat
__marsiling_road:Marsiling Road
__chinatown_point:Chinatown Point
__seletar_close:Seletar Close
__kampong_kembangan:Kampong Kembangan
__geylang_square:Geylang Square
__sembawang_vista:Sembawang Vista
__kampong_kayu_road:Kampong Kayu Road
__kampong_sireh:Kampong Sireh
__bukit_batok_crescent:Bukit Batok Crescent
__jalan_kampong_chantek:Jalan Kampong Chantek
__bedok_view:Bedok View
__chong_pang_combined:Chong Pang Combined
__geylang_serai:Geylang Serai
__upper_aljunied_link:Upper Aljunied Link
__geylang_bahru:Geylang Bahru
__upper_seletar_reservoir:Upper Seletar Reservoir
__jalan_lembah_bedok:Jalan Lembah Bedok
__bedok_green:Bedok Green
__bukit_timah_link:Bukit Timah Link
__west_spring:West Spring
__marsiling_crescent:Marsiling Crescent
__kampong_arang_road:Kampong Arang Road
__geylang_bahru_lane:Geylang Bahru Lane
__bukit_batok_east_avenue:Bukit Batok East Avenue
__bukit_timah_avenue:Bukit Timah Avenue
__seletar_south_road:Seletar South Road
__bukit_batok_east:Bukit Batok East
__bedok_reservoir:Bedok Reservoir
__jalan_ulu_sembawang:Jalan Ulu Sembawang
__kampong_bahru:Kampong Bahru
__simpang_bedok:Simpang Bedok
__bukit_timah_road:Bukit Timah Road
__marsiling_rise:Marsiling Rise
__bedok_north:Bedok North
__kampong_bahru_road:Kampong Bahru Road
__bedok_lighthouse:Bedok Lighthouse
__seletar_club_road:Seletar Club Road
__sembawang_avenue:Sembawang Avenue
__upper_bukit_timah:Upper Bukit Timah
__seletar_hills_drive:Seletar Hills Drive
__seletar_satellite_station_road:Seletar Satellite Station Road
__bukit_batok_central:Bukit Batok Central
__seletar_north_lane:Seletar North Lane
__kampong_bugis_crescent:Kampong Bugis Crescent
__kampong_kapor_road:Kampong Kapor Road
__sembawang_terminal_avenue:Sembawang Terminal Avenue
__bukit_batok_central_link:Bukit Batok Central Link
__kampong_eunos:Kampong Eunos
__north_spring:North Spring
__bukit_batok_road:Bukit Batok Road
__bukit_batok_avenue:Bukit Batok Avenue
__sembawang_hills_drive:Sembawang Hills Drive
__spring_street:Spring Street
__kampong_bugis:Kampong Bugis
__jalan_lengkok_sembawang:Jalan Lengkok Sembawang
__sembawang_god_of_wealth:Sembawang God Of Wealth
__ulu_sembawang:Ulu Sembawang
__bukit_batok_west:Bukit Batok West
__kampong_chai_chee:Kampong Chai Chee
__jalan_langgar_bedok:Jalan Langgar Bedok
__upper_bedok_road:Upper Bedok Road
__upper_aljunied_road:Upper Aljunied Road
__sembawang_terminal_road:Sembawang Terminal Road
__seletar_east:Seletar East
__jalan_simpang_bedok:Jalan Simpang Bedok
__geylang_united:Geylang United
__jalan_kampong_siglap:Jalan Kampong Siglap
__sembawang_tamil_methodist:Sembawang Tamil Methodist
__aljunied_crescent:Aljunied Crescent
__bedok_ria_crescent:Bedok Ria Crescent
__geylang_road:Geylang Road
__geylang_east_central:Geylang East Central
__lower_seletar_reservoir:Lower Seletar Reservoir
__seletar_link:Seletar Link
__marsiling_drive:Marsiling Drive
__bedok_south:Bedok South
__bukit_batok_west_avenue:Bukit Batok West Avenue
__kampong_bukit_coffee:Kampong Bukit Coffee
__taman_bedok:Taman Bedok
__orchard_spring_lane:Orchard Spring Lane
__upper_bukit_timah_road:Upper Bukit Timah Road
__aljunied_road:Aljunied Road
__lower_seletar_close:Lower Seletar Close
__geylang_methodist:Geylang Methodist
__kampong_sungai_tiga:Kampong Sungai Tiga
__simpang_de_bedok:Simpang De Bedok
__al_islamic:Al Islamic
__geylang_east_avenue:Geylang East Avenue
__kampong_wak_hassan:Kampong Wak Hassan
__chin_cheng_avenue:Chin Cheng Avenue
__east_spring:East Spring
__ang_mo_kio:Ang Mo Kio
__platina_road:Platina Road
__chin_bee_road:Chin Bee Road
__hougang_avenue:Hougang Avenue
__ruby_lane:Ruby Lane
__sungei_bedok:Sungei Bedok
__bedok_point:Bedok Point
__sembawang_alley:Sembawang Alley
__jalan_ulu_seletar:Jalan Ulu Seletar
__pasir_ris:Pasir Ris
__suffolk_road:Suffolk Road
__keck_seng:Keck Seng
__compassvale_drive:Compassvale Drive
__great_world:Great World
__ernani_street:Ernani Street
__airport_cargo_road:Airport Cargo Road
__hindhede_road:Hindhede Road
__jalan_binjai:Jalan Binjai
__pasir_ris_road:Pasir Ris Road
__seletar_green_avenue:Seletar Green Avenue
__hong_san:Hong San
__marina_promenade:Marina Promenade
__dedap_road:Dedap Road
__kim_chuan_road:Kim Chuan Road
__brani_marine:Brani Marine
__marina_bay:Marina Bay
__mei_chin_road:Mei Chin Road
__jurong_island:Jurong Island
__boon_lay:Boon Lay
__tan_eng_joo:Tan Eng Joo
__sembawang_wharves:Sembawang Wharves
__jalan_lengkok:Jalan Lengkok
__xilin_avenue:Xilin Avenue
__nee_soon:Nee Soon
__bukit_ho_swee_link:Bukit Ho Swee Link
__jalan_limau_purut:Jalan Limau Purut
__teck_whye:Teck Whye
__toa_payoh:Toa Payoh
__depot_close:Depot Close
__cashew_crescent:Cashew Crescent
__wellington_circle:Wellington Circle
__robinson_road:Robinson Road
__lichi_avenue:Lichi Avenue
__whampoa_east:Whampoa East
__jalan_sungei_poyan:Jalan Sungei Poyan
__kuang_chee_tng:Kuang Chee Tng
__stephen_lee:Stephen Lee
__tai_seng:Tai Seng
__jalan_rajah:Jalan Rajah
__jalan_kemaman:Jalan Kemaman
__tangmere_road:Tangmere Road
__bridport_avenue:Bridport Avenue
__yew_tee_close:Yew Tee Close
__kim_seng:Kim Seng
__jalan_tiga_ratus:Jalan Tiga Ratus
__kebun_baru:Kebun Baru
__east_coast_avenue:East Coast Avenue
__chatsworth_road:Chatsworth Road
__teban_garden:Teban Garden
__pang_seng_road:Pang Seng Road
__bukit_batok_street:Bukit Batok Street
__seletar_north:Seletar North
__park_avenue:Park Avenue
__lorong_kembang:Lorong Kembang
__sakra_road:Sakra Road
__lin_tan:Lin Tan
__lorong_batawi:Lorong Batawi
__moriah_bible_presby:Moriah Bible Presby
__gateway_avenue:Gateway Avenue
__hilton_international:Hilton International
__joo_koon_crescent:Joo Koon Crescent
__brani_way:Brani Way
__jalan_siap:Jalan Siap
__boat_quay:Boat Quay
__bukit_merah_view:Bukit Merah View
__rebecca_chua:Rebecca Chua
__south_buona_vista_road:South Buona Vista Road
__brani_drive:Brani Drive
__gerald_crescent:Gerald Crescent
__jalan_girang:Jalan Girang
__inggu_road:Inggu Road
__jalan_baiduri:Jalan Baiduri
__saint_helier's_avenue:Saint Helier'S Avenue
__methodist_girls':Methodist Girls'
__hang_chang_chieh:Hang Chang Chieh
__teng_san_tian_hock:Teng San Tian Hock
__lloyd_road:Lloyd Road
__jalan_tanah_rata:Jalan Tanah Rata
__marina_bay_sands:Marina Bay Sands
__sennett_road:Sennett Road
__aliman_hassan:Aliman Hassan
__shun_li:Shun Li
__stirling_walk:Stirling Walk
__york_place:York Place
__woodleigh_close:Woodleigh Close
__seletar_west:Seletar West
__movenpick_heritage:Movenpick Heritage
__jalan_lapang:Jalan Lapang
__choa_chu_kang_loop:Choa Chu Kang Loop
__tew_chew_street:Tew Chew Street
__buangkok_view:Buangkok View
__bukit_merah:Bukit Merah
__watten_estate_road:Watten Estate Road
__upper_changi_road:Upper Changi Road
__sembawang_country_club:Sembawang Country Club
__soon_wing_road:Soon Wing Road
__havelock_road:Havelock Road
__chinatown_complex:Chinatown Complex
__palm_avenue:Palm Avenue
__jupiter_road:Jupiter Road
__cheang_hong_lim_street:Cheang Hong Lim Street
__sam_kee:Sam Kee
__sandilands_road:Sandilands Road
__lorong_abu_talib:Lorong Abu Talib
__tai_seng_drive:Tai Seng Drive
__belmont_road:Belmont Road
__cheang_hong_lim_place:Cheang Hong Lim Place
__bukit_chandu:Bukit Chandu
__upper_wilkie_road:Upper Wilkie Road
__chan_sek_keong:Chan Sek Keong
__liao_yingru:Liao Yingru
__ah_hood_road:Ah Hood Road
__eastern_health_alliance:Eastern Health Alliance
__perumal_road:Perumal Road
__omar_khayyam_avenue:Omar Khayyam Avenue
__jalan_mastuli:Jalan Mastuli
__how_sun_drive:How Sun Drive
__lengkok_satu:Lengkok Satu
__lim_chu_kang_lane:Lim Chu Kang Lane
__queen_elizabeth_walk:Queen Elizabeth Walk
__taman_warna:Taman Warna
__imbiah_walk:Imbiah Walk
__springleaf_avenue:Springleaf Avenue
__chew_kheng_chuan:Chew Kheng Chuan
__yong_melvin_yik_chye:Yong Melvin Yik Chye
__fairway_club:Fairway Club
__rivervale_plaza:Rivervale Plaza
__seletar_lodge_one:Seletar Lodge One
__singapore_cheshire:Singapore Cheshire
__cantonment_complex:Cantonment Complex
__eng_hoon_street:Eng Hoon Street
__yishun_street:Yishun Street
__muhammadiyah_welfare:Muhammadiyah Welfare
__national_neuroscience_institute:National Neuroscience Institute
__jalan_paras:Jalan Paras
__sunbeam_evergreen_place:Sunbeam Evergreen Place
__peakville_avenue:Peakville Avenue
__serangoon_gardens:Serangoon Gardens
__kallang_airport_drive:Kallang Airport Drive
__gilstead_road:Gilstead Road
__one_north_link:One North Link
__simon_lane:Simon Lane
__rail_mall:Rail Mall
__jalan_anak_bukit:Jalan Anak Bukit
__singapore_philatelic_museum:Singapore Philatelic Museum
__marina_way:Marina Way
__ogilvy_centre:Ogilvy Centre
__zhou_ying_nan:Zhou Ying Nan
__n_palanivelu:N Palanivelu
__national_equestrian_centre:National Equestrian Centre
__tanah_merah:Tanah Merah
__veerasamy_road:Veerasamy Road
__orchard_bel_air:Orchard Bel Air
__elias_green:Elias Green
__fortune_students:Fortune Students
__ring_road:Ring Road
__siang_cho_keong:Siang Cho Keong
__napier_road:Napier Road
__topaz_road:Topaz Road
__ubi_link:Ubi Link
__west_perimeter_road:West Perimeter Road
__redhill_road:Redhill Road
__strand_hotel:Strand Hotel
__jalan_novena:Jalan Novena
__miller_street:Miller Street
__paterson_road:Paterson Road
__jalan_kwok_min:Jalan Kwok Min
__cook_street:Cook Street
__edmund_blundell:Edmund Blundell
__teng_tong_road:Teng Tong Road
__river_safari:River Safari
__fairy_point_hill:Fairy Point Hill
__jalan_bena:Jalan Bena
__sembawang_berlayer:Sembawang Berlayer
__creek_mangrove:Creek Mangrove
__wallace_way:Wallace Way
__percival_road:Percival Road
__seletar_wests:Seletar Wests
__moral_welfare:Moral Welfare
__waterloo_street:Waterloo Street
__jalan_basong:Jalan Basong
__gateway_inn:Gateway Inn
__jalan_klapa:Jalan Klapa
__nanyang_poly_drive:Nanyang Poly Drive
__guillemard_lane:Guillemard Lane
__boarding_house:Boarding House
__windsor_park_hill:Windsor Park Hill
__fire_station:Fire Station
__angsana_avenue:Angsana Avenue
__macalister_road:Macalister Road
__margate_road:Margate Road
__pebble_lane:Pebble Lane
__meteorological_services_singapore:Meteorological Services Singapore
__changkat_changi:Changkat Changi
__prince_of_wales_road:Prince Of Wales Road
__yew_tee_point:Yew Tee Point
__lewis_road:Lewis Road
__wak_tanjong:Wak Tanjong
__al_islamiah:Al Islamiah
__gopeng_street:Gopeng Street
__bishan_street:Bishan Street
__john_fearns_nicolls:John Fearns Nicolls
__eu_yee_ming_richard:Eu Yee Ming Richard
__kay_siang_road:Kay Siang Road
__jalan_nuri:Jalan Nuri
__zion_bishan_bible_presbyterian:Zion Bishan Bible Presbyterian
__jurong_west_avenue:Jurong West Avenue
__singapore_sikh_education_foundation:Singapore Sikh Education Foundation
__fullerton_bay:Fullerton Bay
__sim_lim_square:Sim Lim Square
__christalite_methodist:Christalite Methodist
__fuk_tak_chi:Fuk Tak Chi
__manila_street:Manila Street
__fernvale_lane:Fernvale Lane
__seletar_court:Seletar Court
__circular_road:Circular Road
__pandan_avenue:Pandan Avenue
__irving_place:Irving Place
__jalan_minyak:Jalan Minyak
__jalan_bungar:Jalan Bungar
__leo_drive:Leo Drive
__tanjong_katong:Tanjong Katong
__daffodil_drive:Daffodil Drive
__kaki_bukit:Kaki Bukit
__bethlehem_bible_presbyterian:Bethlehem Bible Presbyterian
__geylang_methodist_school:Geylang Methodist School
__jalan_sendudok:Jalan Sendudok
__nan_chiau:Nan Chiau
__goldhill_place:Goldhill Place
__saint_paul's:Saint Paul'S
__lilliputt_indoor_mini_golf:Lilliputt Indoor Mini Golf
__northshore_link:Northshore Link
__little_road:Little Road
__dawson_north_spring:Dawson North Spring
__bodmin_drive:Bodmin Drive
__bright_hill:Bright Hill
__bliss_hotel:Bliss Hotel
__yangtze_building:Yangtze Building
__orchard_turn:Orchard Turn
__jalan_bangsawan:Jalan Bangsawan
__seletar_club:Seletar Club
__folkestone_road:Folkestone Road
__iqbal_avenue:Iqbal Avenue
__gurkha_contingent:Gurkha Contingent
__admiralty_greens:Admiralty Greens
__sakya_tenphel_ling:Sakya Tenphel Ling
__kim_keat:Kim Keat
__carnation_drive:Carnation Drive
__haigsville_drive:Haigsville Drive
__sharon_bible_presbyterian:Sharon Bible Presbyterian
__copeland_avenue:Copeland Avenue
__safra_jurong:Safra Jurong
__kitchener_road:Kitchener Road
__mount_faber_loop:Mount Faber Loop
__hindoo_road:Hindoo Road
__happy_hotel:Happy Hotel
__spring_lighthouse:Spring Lighthouse
__copthorne_king's:Copthorne King'S
__ji_huang_kok:Ji Huang Kok
__limau_garden:Limau Garden
__aida_street:Aida Street
__marina_one:Marina One
__jalan_tenteram:Jalan Tenteram
__bukit_teresa_close:Bukit Teresa Close
__cuscaden_walk:Cuscaden Walk
__countryside_grove:Countryside Grove
__yarwood_avenue:Yarwood Avenue
__peng_nguan:Peng Nguan
__jalan_remis:Jalan Remis
__sin_ming:Sin Ming
__sea_breeze_grove:Sea Breeze Grove
__lew_lian_vale:Lew Lian Vale
__guillemard_road:Guillemard Road
__pemimpin_drive:Pemimpin Drive
__raffles_place:Raffles Place
__penjuru_road:Penjuru Road
__springside_view:Springside View
__segar_kampong_arang_road:Segar Kampong Arang Road
__avon_road:Avon Road
__hougang_one:Hougang One
__waseda_shibuya:Waseda Shibuya
__peninsula_plaza:Peninsula Plaza
__vigilante_drive:Vigilante Drive
__jalan_senang:Jalan Senang
__kwan_imm_see:Kwan Imm See
__saint_xavier's:Saint Xavier'S
__bukit_timah_plaza:Bukit Timah Plaza
__yishun_central:Yishun Central
__wak_hassan:Wak Hassan
__paya_lebar:Paya Lebar
__chai_chee:Chai Chee
__south_woodlands_drive:South Woodlands Drive
__soo_chow_drive:Soo Chow Drive
__wilmonar_avenue:Wilmonar Avenue
__tian_kong:Tian Kong
__jalan_chengkek:Jalan Chengkek
__boon_tat_street:Boon Tat Street
__sungei_road:Sungei Road
__lim_lee:Lim Lee
__upper_aljunied:Upper Aljunied
__keat_hong_link:Keat Hong Link
__jalan_lempeng:Jalan Lempeng
__holland_hill:Holland Hill
__chwee_chian_view:Chwee Chian View
__lempeng_drive:Lempeng Drive
__maris_stella:Maris Stella
__orchard_point:Orchard Point
__toa_payoh_east:Toa Payoh East
__pulau_ubin:Pulau Ubin
__fo_shan_ting:Fo Shan Ting
__da_bo_gong:Da Bo Gong
__jalan_wajek:Jalan Wajek
__devan_nair:Devan Nair
__zhang_hui:Zhang Hui
__kwong_wai_siew:Kwong Wai Siew
__peck_san_theng:Peck San Theng
__north_west:North West
__collyer_quay:Collyer Quay
__kranji_commonwealth:Kranji Commonwealth
__wareham_road:Wareham Road
__montreal_link:Montreal Link
__kampung_glam:Kampung Glam
__rosaline_chan_pang:Rosaline Chan Pang
__ng_chee_meng:Ng Chee Meng
__kouo_shang_wei:Kouo Shang Wei
__wong_hock_boon:Wong Hock Boon
__pasir_ris_view:Pasir Ris View
__meng_suan_road:Meng Suan Road
__stadium_crescent:Stadium Crescent
__mount_faber_road:Mount Faber Road
__choa_chu_kang_west:Choa Chu Kang West
__lorong_pasu:Lorong Pasu
__joo_avenue:Joo Avenue
__leng_chai_chee:Leng Chai Chee
__kim_hong:Kim Hong
__bo_seng_avenue:Bo Seng Avenue
__pasir_panjang_view:Pasir Panjang View
__aljunied_neighbourhood:Aljunied Neighbourhood
__rajabali_jumabhoy:Rajabali Jumabhoy
__wee_beng_chong:Wee Beng Chong
__tan_kim_cheng_road:Tan Kim Cheng Road
__moonbeam_walk:Moonbeam Walk
__unity_street:Unity Street
__warwick_road:Warwick Road
__boon_keng:Boon Keng
__toa_payoh_north:Toa Payoh North
__ping_yi:Ping Yi
__serangoon_north_avenue:Serangoon North Avenue
__nasi_goreng:Nasi Goreng
__peng_kang_avenue:Peng Kang Avenue
__old_terminal_lane:Old Terminal Lane
__ee_teow_leng_road:Ee Teow Leng Road
__maritime_square:Maritime Square
__changi_east_road:Changi East Road
__keng_lee_road:Keng Lee Road
__saint_xavier's_lane:Saint Xavier'S Lane
__teck_hai_keng:Teck Hai Keng
__baker_street:Baker Street
__francis_thomas_drive:Francis Thomas Drive
__serapong_hill:Serapong Hill
__lim_teck_kim_road:Lim Teck Kim Road
__siong_lim:Siong Lim
__nee_soon_east:Nee Soon East
__chinatown_hotel:Chinatown Hotel
__how_sun_road:How Sun Road
__clementi_street:Clementi Street
__geylang_lorong:Geylang Lorong
__ocean_way:Ocean Way
__arab_street:Arab Street
__marsiling_neighbourhood:Marsiling Neighbourhood
__tan_boo_liat:Tan Boo Liat
__chan_chun_sing:Chan Chun Sing
__nativity_of_the_blessed_virgin_mary_concord:Nativity Of The Blessed Virgin Mary Concord
__onitsuka_tiger:Onitsuka Tiger
__eau_thermale_avene:Eau Thermale Avene
__corporation_road:Corporation Road
__marine_parade:Marine Parade
__red_cross:Red Cross
__jalan_peradun:Jalan Peradun
__kiew_sian_king:Kiew Sian King
__jalan_lana:Jalan Lana
__home_team_academy:Home Team Academy
__greendale_rise:Greendale Rise
__masjid_alkaff:Masjid Alkaff
__kampung_melayu:Kampung Melayu
__bishan_point:Bishan Point
__jalan_greja:Jalan Greja
__airline_road:Airline Road
__tanglin_gate_road:Tanglin Gate Road
__nanyang_valley:Nanyang Valley
__palm_road:Palm Road
__sree_narayana:Sree Narayana
__jalan_puteri:Jalan Puteri
__jula_juli:Jula Juli
__ava_road:Ava Road
__sunset_vale:Sunset Vale
__anchorvale_street:Anchorvale Street
__jalan_limau_bali:Jalan Limau Bali
__yuva_bharati:Yuva Bharati
__si_ling:Si Ling
__blue_cross:Blue Cross
__thong_kheng:Thong Kheng
__gul_street:Gul Street
__anchorvale_drive:Anchorvale Drive
__taman_kembangan:Taman Kembangan
__rahim_omar:Rahim Omar
__rahayu_mahzam:Rahayu Mahzam
__eunos_avenue:Eunos Avenue
__hillview_avenue:Hillview Avenue
__telok_kurau:Telok Kurau
__waringin_walk:Waringin Walk
__lengkok_lima:Lengkok Lima
__bury_road:Bury Road
__jalan_minggu:Jalan Minggu
__kent_ridge_crescent:Kent Ridge Crescent
__faber_walk:Faber Walk
__mayflower_way:Mayflower Way
__ubi_crescent:Ubi Crescent
__oxford_road:Oxford Road
__tan_tock_seng:Tan Tock Seng
__tiverton_lane:Tiverton Lane
__larkhill_road:Larkhill Road
__chai_chee_street:Chai Chee Street
__tai_hoe:Tai Hoe
__jalan_tarum:Jalan Tarum
__hong_kah:Hong Kah
__poh_jay:Poh Jay
__jurong_west:Jurong West
__post_florence_road:Post Florence Road
__kian_teck_road:Kian Teck Road
__sing_hoe:Sing Hoe
__prinsep_street:Prinsep Street
__peck_seah_street:Peck Seah Street
__holland_village:Holland Village
__dimensions_international:Dimensions International
__ellice_handy:Ellice Handy
__robin_tessensohn:Robin Tessensohn
__telok_blangah_crescent:Telok Blangah Crescent
__woodgrove_view:Woodgrove View
__fan_yoong_road:Fan Yoong Road
__bukit_mugliston:Bukit Mugliston
__blue_stars:Blue Stars
__flower_road:Flower Road
__rambutan_road:Rambutan Road
__chu_siang_tong:Chu Siang Tong
__upper_bedok:Upper Bedok
__changi_coast:Changi Coast
__stadium_way:Stadium Way
__jalan_pelatok:Jalan Pelatok
__michelle_lim:Michelle Lim
__walter_woon:Walter Woon
__mulberry_avenue:Mulberry Avenue
__kew_walk:Kew Walk
__jalan_bumbong:Jalan Bumbong
__maggie_teng:Maggie Teng
__lee_boon_ngan:Lee Boon Ngan
__jalan_pari_kikis:Jalan Pari Kikis
__bonham_street:Bonham Street
__ann_siang_hill:Ann Siang Hill
__green_taipei:Green Taipei
__flint_street:Flint Street
__newton_life:Newton Life
__martin_road:Martin Road
__sundridge_park_road:Sundridge Park Road
__saint_hilda's:Saint Hilda'S
__jalan_mengkudu:Jalan Mengkudu
__newton_cirus:Newton Cirus
__tuas_second_link:Tuas Second Link
__dairy_farm:Dairy Farm
__riverina_walk:Riverina Walk
__orchard_spring:Orchard Spring
__jalan_rebana:Jalan Rebana
__carlton_avenue:Carlton Avenue
__khaw_boon_wan:Khaw Boon Wan
__jalan_yasin:Jalan Yasin
__nanyang_girls':Nanyang Girls'
__rochor_road:Rochor Road
__red_swastika:Red Swastika
__jalan_pelepah:Jalan Pelepah
__lorong_gambas:Lorong Gambas
__ipoh_lane:Ipoh Lane
__asia_square:Asia Square
__choa_chu_kang:Choa Chu Kang
__upper_peirce_reservoir:Upper Peirce Reservoir
__terang_bulan_avenue:Terang Bulan Avenue
__admiralty_road:Admiralty Road
__canning_rise:Canning Rise
__lim_ah_woo_road:Lim Ah Woo Road
__monk's_hill_road:Monk'S Hill Road
__tekong_highway:Tekong Highway
__sengkang_east_road:Sengkang East Road
__loh_lik_peng:Loh Lik Peng
__vivien_quahe:Vivien Quahe
__seah_mei_lin:Seah Mei Lin
__siok_wan:Siok Wan
__chencharu_lane:Chencharu Lane
__blackmore_drive:Blackmore Drive
__poh_ern_shih:Poh Ern Shih
__moonbeam_drive:Moonbeam Drive
__compassvale_road:Compassvale Road
__jalan_batu_ubin:Jalan Batu Ubin
__jalan_senyum:Jalan Senyum
__admiralty_west:Admiralty West
__rochor_kongsi:Rochor Kongsi
__asia_pacific:Asia Pacific
__abraham_solomon:Abraham Solomon
__chencharu_link:Chencharu Link
__morgan_chua:Morgan Chua
__old_upper_thomson:Old Upper Thomson
__jalan_pinang:Jalan Pinang
__croucher_road:Croucher Road
__turf_ciub_road:Turf Ciub Road
__dock_road_west:Dock Road West
__jalan_zamrud:Jalan Zamrud
__sunset_close:Sunset Close
__jalan_tenang:Jalan Tenang
__lorong_sarina_d'leedon:Lorong Sarina D'Leedon
__bukit_manis_road:Bukit Manis Road
__jalan_rendang:Jalan Rendang
__redwood_grove:Redwood Grove
__hwee_kuan:Hwee Kuan
__alnwick_road:Alnwick Road
__shipyard_crescent:Shipyard Crescent
__john_le_cain:John Le Cain
__greenwich_drive:Greenwich Drive
__amasalam_chetty_road:Amasalam Chetty Road
__hampstead_garden:Hampstead Garden
__pasir_ris_way:Pasir Ris Way
__dalkeith_road:Dalkeith Road
__wak_hassan_place:Wak Hassan Place
__alex_josey:Alex Josey
__cheo_kim_ban:Cheo Kim Ban
__clunny_hill:Clunny Hill
__jurong_bird:Jurong Bird
__keramat_road:Keramat Road
__verde_crescent:Verde Crescent
__klang_road:Klang Road
__green_kiwi_backpacker:Green Kiwi Backpacker
__gul_lane:Gul Lane
__jalan_jeruju:Jalan Jeruju
__asimont_lane:Asimont Lane
__seraya_avenue:Seraya Avenue
__merlimau_place:Merlimau Place
__ceylon_road:Ceylon Road
__jalan_limau_nipis:Jalan Limau Nipis
__sims_way:Sims Way
__marine_parade_road:Marine Parade Road
__australian_international:Australian International
__lee_kong_chian:Lee Kong Chian
__lee_kong_yan:Lee Kong Yan
__stamford_raffles:Stamford Raffles
__ho_ling:Ho Ling
__ho_lee_ling:Ho Lee Ling
__lengkong_dua:Lengkong Dua
__canning_lane:Canning Lane
__yung_kuang_road:Yung Kuang Road
__grove_crescent:Grove Crescent
__bartley_road:Bartley Road
__perahu_road:Perahu Road
__jalan_mesra:Jalan Mesra
__whitley_road:Whitley Road
__angsana_drive:Angsana Drive
__one_tree_hill:One Tree Hill
__crowhurst_drive:Crowhurst Drive
__lambeth_walk:Lambeth Walk
__saint_nicholas_view:Saint Nicholas View
__jamaica_road:Jamaica Road
__jalan_tari_lilin:Jalan Tari Lilin
__sir_frank_swettenham:Sir Frank Swettenham
__lucy_tan:Lucy Tan
__how_sun_walk:How Sun Walk
__shelford_road:Shelford Road
__maple_avenue:Maple Avenue
__wittering_road:Wittering Road
__mimosa_vale:Mimosa Vale
__liane_road:Liane Road
__empress_road:Empress Road
__gibraltar_crescent:Gibraltar Crescent
__jalan_pelangi:Jalan Pelangi
__alexander_laurie_johnston:Alexander Laurie Johnston
__lorong_pendek:Lorong Pendek
__dunlop_street:Dunlop Street
__jalan_tepong:Jalan Tepong
__chancery_lane:Chancery Lane
__auckland_road_west:Auckland Road West
__buyong_road:Buyong Road
__mornington_crescent:Mornington Crescent
__tanjong_penjuru:Tanjong Penjuru
__colchester_grove:Colchester Grove
__arrival_crescent:Arrival Crescent
__stratton_road:Stratton Road
__jalan_enam:Jalan Enam
__attap_valley_lane:Attap Valley Lane
__mandarin_gardens:Mandarin Gardens
__lily_avenue:Lily Avenue
__marshall_lane:Marshall Lane
__jalan_sukachita:Jalan Sukachita
__kent_ridge_drive:Kent Ridge Drive
__river_valley:River Valley
__zainudin_nordin:Zainudin Nordin
__esther_tan:Esther Tan
__old_cathay:Old Cathay
__halifax_road:Halifax Road
__famous_amos:Famous Amos
__beeh_low_see:Beeh Low See
__russels_road:Russels Road
__northshore_drive:Northshore Drive
__burmese_buddhist:Burmese Buddhist
__soon_peng_yam_yao_zi:Soon Peng Yam Yao Zi
__aljunied_hussein:Aljunied Hussein
__constance_singam:Constance Singam
__yvonne_ng:Yvonne Ng
__toa_payoh_rise:Toa Payoh Rise
__katmandu_road:Katmandu Road
__jalan_tanah:Jalan Tanah
__connexis_south:Connexis South
__belilios_lane:Belilios Lane
__jalan_kayu_manis:Jalan Kayu Manis
__qing_de_gong:Qing De Gong
__telok_blangah_rise:Telok Blangah Rise
__alexandra_lane:Alexandra Lane
__craig_road:Craig Road
__jalan_selimang:Jalan Selimang
__holland_grove_lane:Holland Grove Lane
__harlyn_road:Harlyn Road
__jalan_sabit:Jalan Sabit
__kent_road:Kent Road
__jalan_klinik:Jalan Klinik
__muswell_hill:Muswell Hill
__parry_avenue:Parry Avenue
__ang_mo_kio_street:Ang Mo Kio Street
__upper_palm_valley_road:Upper Palm Valley Road
__sunset_square:Sunset Square
__lengkok_satu_sago_street:Lengkok Satu Sago Street
__prome_road:Prome Road
__north_buona_vista_drive:North Buona Vista Drive
__jalan_hari_raya:Jalan Hari Raya
__hythe_road:Hythe Road
__pan_pacific:Pan Pacific
__jalan_layang_layang:Jalan Layang Layang
__singapore_conference:Singapore Conference
__sunny_ang:Sunny Ang
__covenant_community_methodist:Covenant Community Methodist
__eng_kong_road:Eng Kong Road
__eng_neo_avenue:Eng Neo Avenue
__harrison_road:Harrison Road
__binchang_rise:Binchang Rise
__elias_park_avenue:Elias Park Avenue
__bristol_road:Bristol Road
__toh_tuck_drive:Toh Tuck Drive
__suntec_city:Suntec City
__north_vista:North Vista
__lim_ah_pin_road:Lim Ah Pin Road
__jiak_chuan_road:Jiak Chuan Road
__singapore's_mariners':Singapore'S Mariners'
__dahan_road:Dahan Road
__kim_seng_road:Kim Seng Road
__gambir_walk:Gambir Walk
__dock_road_east:Dock Road East
__edmund_chen:Edmund Chen
__rita_zahara:Rita Zahara
__office_road:Office Road
__joanne_soo:Joanne Soo
__tamarind_road:Tamarind Road
__guok_avenue:Guok Avenue
__mei_hwan_drive:Mei Hwan Drive
__jalan_tan_tock_seng:Jalan Tan Tock Seng
__beatty_road:Beatty Road
__li_hui_cheng:Li Hui Cheng
__green_zeng:Green Zeng
__my_saviour's:My Saviour'S
__kee_seng_street:Kee Seng Street
__faith_methodist:Faith Methodist
__faith_sanctuary_garden_avenue:Faith Sanctuary Garden Avenue
__bedok_anchorvale_crescent:Bedok Anchorvale Crescent
__clive_street:Clive Street
__tebing_lane:Tebing Lane
__segar_close:Segar Close
__fourth_street:Fourth Street
__fusionopolis_walk:Fusionopolis Walk
__bao_gong:Bao Gong
__keene_road:Keene Road
__jalan_binja:Jalan Binja
__jalan_azam's:Jalan Azam'S
__upper_paya_lebar_road:Upper Paya Lebar Road
__bukit_sedap_road:Bukit Sedap Road
__cleantech_view:Cleantech View
__jalan_noordin:Jalan Noordin
__lavender_street:Lavender Street
__neo_tiew_lane:Neo Tiew Lane
__poh_huat_road:Poh Huat Road
__west_blue_stars:West Blue Stars
__jalan_mamam:Jalan Mamam
__geylang_lorong_labang:Geylang Lorong Labang
__lorong_pisang_batu:Lorong Pisang Batu
__dover_drive:Dover Drive
__braddell_road:Braddell Road
__edwin_browns:Edwin Browns
__yao_zi:Yao Zi
__sembawang_woodgrove_avenue:Sembawang Woodgrove Avenue
__kinara_lane:Kinara Lane
__macpherson_road:Macpherson Road
__omar_ali:Omar Ali
__koh_mui_hiang:Koh Mui Hiang
__kwong_min_road:Kwong Min Road
__boundary_road:Boundary Road
__alexandra_road:Alexandra Road
__peace_centre:Peace Centre
__changi_south_lane:Changi South Lane
__court_road:Court Road
__mandai_tekong:Mandai Tekong
__canberra_view:Canberra View
__namly_rise:Namly Rise
__jalan_pelatina:Jalan Pelatina
__whitchurch_road:Whitchurch Road
__sengkang_east_way:Sengkang East Way
__kenya_crescent:Kenya Crescent
__chuan_walk:Chuan Walk
__lorong_lew_lian:Lorong Lew Lian
__sleepy_kiwi:Sleepy Kiwi
__telok_blangah_street:Telok Blangah Street
__tuas_terminal_road:Tuas Terminal Road
__greenfield_drive:Greenfield Drive
__jalan_keli:Jalan Keli
__choor_singh_sidhu:Choor Singh Sidhu
__robert_soon:Robert Soon
__one_farrer:One Farrer
__chestnut_crescent:Chestnut Crescent
__jurong_port:Jurong Port
__jalan_pelikat:Jalan Pelikat
__saint_wilfred_road:Saint Wilfred Road
__seletar_hill:Seletar Hill
__jalan_kechil:Jalan Kechil
__fulton_avenue:Fulton Avenue
__treetop_walk:Treetop Walk
__arumugam_road:Arumugam Road
__corfe_place:Corfe Place
__south_perimeter_road:South Perimeter Road
__nanyang_avenue:Nanyang Avenue
__anak_bukit:Anak Bukit
__grace_walk:Grace Walk
__radin_mas:Radin Mas
__chulia_street:Chulia Street
__upper_joo_aljunied_link:Upper Joo Aljunied Link
__jalan_hajijah:Jalan Hajijah
__keppel_bay:Keppel Bay
__tanglin_trust:Tanglin Trust
__woodland_street:Woodland Street
__liang_court:Liang Court
__middlesex_road:Middlesex Road
__jalan_membina:Jalan Membina
__springwood_close:Springwood Close
__syed_jaafar_albar:Syed Jaafar Albar
__inderjit_singh:Inderjit Singh
__kwan_im_tng:Kwan Im Tng
__kew_avenue:Kew Avenue
__lorong_bachok:Lorong Bachok
__sungei_gedong_road:Sungei Gedong Road
__singapore_bible:Singapore Bible
__yeoh_ghim_seng:Yeoh Ghim Seng
__christopher_henry_rothwell:Christopher Henry Rothwell
__au_yun_pak:Au Yun Pak
__institute_of_engineer_singapore:Institute Of Engineer Singapore
__loyang_street:Loyang Street
__neo_tiew_road:Neo Tiew Road
__peakville_grove:Peakville Grove
__lornie_walk:Lornie Walk
__tokio_marine:Tokio Marine
__tampines_changkat:Tampines Changkat
__lorong_pisang_asam:Lorong Pisang Asam
__jalan_selamat:Jalan Selamat
__george_nigel:George Nigel
__douglas_hamilton:Douglas Hamilton
__john_morrice:John Morrice
__college_of_medicine:College Of Medicine
__peirce_hill:Peirce Hill
__hospital_avenue:Hospital Avenue
__koh_seow_chuan:Koh Seow Chuan
__gordon_arthur_ransome:Gordon Arthur Ransome
__jalan_setia:Jalan Setia
__river_city:River City
__medical_drive:Medical Drive
__changi_village_road:Changi Village Road
__jalan_tanjong:Jalan Tanjong
__miltonia_link:Miltonia Link
__janil_puthucheary:Janil Puthucheary
__tanya_chua:Tanya Chua
__moreton_close:Moreton Close
__evolution_garden_walk:Evolution Garden Walk
__onraet_road:Onraet Road
__lee_shih_shiong_peter:Lee Shih Shiong Peter
__perumal_govindaswamy:Perumal Govindaswamy
__carisbrooke_grove:Carisbrooke Grove
__kranji_crescent:Kranji Crescent
__chuan_hoe_avenue:Chuan Hoe Avenue
__hume_avenue:Hume Avenue
__lim_chu_kang:Lim Chu Kang
__lorong_paya_lebar:Lorong Paya Lebar
__burmah_road:Burmah Road
__pereira_road:Pereira Road
__kerong_walk:Kerong Walk
__chinese_garden:Chinese Garden
__tembusu_drive:Tembusu Drive
__bukit_tinggi_road:Bukit Tinggi Road
__begonia_walk:Begonia Walk
__jalan_mempurong:Jalan Mempurong
__paya_ubi:Paya Ubi
__siloso_beach:Siloso Beach
__haji_lane:Haji Lane
__drake_lane:Drake Lane
__jalan_seh_chuan:Jalan Seh Chuan
__jalan_dusun:Jalan Dusun
__siglap_gardens:Siglap Gardens
__jalan_boon_lay:Jalan Boon Lay
__kim_tian_place:Kim Tian Place
__hamilton_place:Hamilton Place
__orchid_park:Orchid Park
__penang_road:Penang Road
__natalie_hennedige:Natalie Hennedige
__yip_cheong_fun:Yip Cheong Fun
__bedok_points:Bedok Points
__sing_joo_walk:Sing Joo Walk
__lau_kuo_kwong_robert:Lau Kuo Kwong Robert
__mah_bow_tan:Mah Bow Tan
__woodlands_galaxy:Woodlands Galaxy
__ho_ching_road:Ho Ching Road
__florence_road:Florence Road
__robert_v_chandran_way:Robert V Chandran Way
__jalan_khairuddin:Jalan Khairuddin
__lim_teck_boo_road:Lim Teck Boo Road
__sri_siva_durga:Sri Siva Durga
__victoria_park_road:Victoria Park Road
__saint_james:Saint James
__gallop_road:Gallop Road
__chin_swee:Chin Swee
__china_street:China Street
__international_student_support:International Student Support
__jalan_rukam:Jalan Rukam
__jalan_keruing:Jalan Keruing
__coney_island:Coney Island
__vaughan_road:Vaughan Road
__farrer_garden:Farrer Garden
__one_george_street:One George Street
__jalan_tari_zapin:Jalan Tari Zapin
__pasir_panjang_road:Pasir Panjang Road
__lien_ying_chow_drive:Lien Ying Chow Drive
__saint_stephen's:Saint Stephen'S
__delta_avenue:Delta Avenue
__thong_bee_road:Thong Bee Road
__depot_walk:Depot Walk
__pan_shou:Pan Shou
__janet_lim:Janet Lim
__nepal_link:Nepal Link
__sri_vairavimada_kaliamman:Sri Vairavimada Kaliamman
__sentul_crescent:Sentul Crescent
__nagore_dargah:Nagore Dargah
__richard_eric_holttum:Richard Eric Holttum
__hsu_tse_kwang:Hsu Tse Kwang
__sim_choon_huat:Sim Choon Huat
__boon_lay_place:Boon Lay Place
__singapore_recreation:Singapore Recreation
__la_mode:La Mode
__lorong_kilat_pek_kio:Lorong Kilat Pek Kio
__oriole_crescent:Oriole Crescent
__edgware_road:Edgware Road
__rasok_drive:Rasok Drive
__junction_nine:Junction Nine
__kee_sun_avenue:Kee Sun Avenue
__macritchie_reservoir:Macritchie Reservoir
__sit_wah_road:Sit Wah Road
__lam_pin_min:Lam Pin Min
__carl_alexander:Carl Alexander
__gibson_hill:Gibson Hill
__sembawang_shopping_centre:Sembawang Shopping Centre
__kismis_road:Kismis Road
__nexus_international_school:Nexus International School
__jalan_limbok:Jalan Limbok
__darrell_ang:Darrell Ang
__sophia_hull:Sophia Hull
__chinese_garden_road:Chinese Garden Road
__borthwick_drive:Borthwick Drive
__chai_chee_drive:Chai Chee Drive
__lengkok_angsa:Lengkok Angsa
__drake_avenue:Drake Avenue
__jalan_mangkok:Jalan Mangkok
__lorong_mesu:Lorong Mesu
__tuas_road:Tuas Road
__ubi_close:Ubi Close
__cuff_road:Cuff Road
__singapore_university_of_technology_and_design:Singapore University Of Technology And Design
__soo_bin_chua:Soo Bin Chua
__louis_chen:Louis Chen
__jalan_kledek:Jalan Kledek
__westwood_avenue:Westwood Avenue
__jalan_berseri:Jalan Berseri
__lim_tua_tow_road:Lim Tua Tow Road
__yew_tee:Yew Tee
__cassia_crescent:Cassia Crescent
__revival_centre:Revival Centre
__jalan_bunga_rampai:Jalan Bunga Rampai
__vijesh_ashok_ghariwala:Vijesh Ashok Ghariwala
__sim_yi_hui:Sim Yi Hui
__beach_road:Beach Road
__sengkang_east_avenue:Sengkang East Avenue
__changi_business_park_vista:Changi Business Park Vista
__gan_eng_seng:Gan Eng Seng
__kreta_ayer:Kreta Ayer
__toh_tuck_road:Toh Tuck Road
__hiang_foo_siang_temple:Hiang Foo Siang Temple
__singapore_botanic_gardens:Singapore Botanic Gardens
__wong_chin_yoke_road:Wong Chin Yoke Road
__upper_serangoon:Upper Serangoon
__lorong_sinaran:Lorong Sinaran
__bukit_batok_avenue_west:Bukit Batok Avenue West
__joan_road:Joan Road
__dinding_place:Dinding Place
__bali_lane:Bali Lane
__chang_ziang:Chang Ziang
__seletar_hill_drive:Seletar Hill Drive
__jalan_dua:Jalan Dua
__university_town:University Town
__starlight_road:Starlight Road
__cashew_road:Cashew Road
__jalan_manis:Jalan Manis
__old_hill_street:Old Hill Street
__lorong_siglap:Lorong Siglap
__trevose_place:Trevose Place
__secondary_school:Secondary School
__national_arts_council:National Arts Council
__wishart_road:Wishart Road
__management_development_institute_of_singapore:Management Development Institute Of Singapore
__claymore_road:Claymore Road
__singapore_youth_flying:Singapore Youth Flying
__wan_tho_avenue:Wan Tho Avenue
__balmoral_crescent:Balmoral Crescent
__sloane_court_hotel:Sloane Court Hotel
__countryside_view:Countryside View
__plaza_singapura:Plaza Singapura
__yu_huang_zhi_zun_temple:Yu Huang Zhi Zun Temple
__yan_hui_chang:Yan Hui Chang
__jervois_hill:Jervois Hill
__geylang_bahru_terrace:Geylang Bahru Terrace
__jalan_gemala:Jalan Gemala
__safra_punggol:Safra Punggol
__oak_avenue:Oak Avenue
__shopping_centre:Shopping Centre
__le_peranakan:Le Peranakan
__old_birdcage_walk:Old Birdcage Walk
__hock_chuan:Hock Chuan
__selarang_road:Selarang Road
__cranborne_road:Cranborne Road
__farrer_park:Farrer Park
__gallop_park:Gallop Park
__old_choa_chu_kang_road:Old Choa Chu Kang Road
__greenridge_crescent:Greenridge Crescent
__dairy_farm_crescent:Dairy Farm Crescent
__lentor_way:Lentor Way
__lutheran_road:Lutheran Road
__tan_teck_whye_avenue:Tan Teck Whye Avenue
__seletar_satellite:Seletar Satellite
__jalan_dondang_sayang:Jalan Dondang Sayang
__hai_sing_crescent:Hai Sing Crescent
__jalan_berjaya:Jalan Berjaya
__lilac_road:Lilac Road
__singapore_art_museum:Singapore Art Museum
__meranti_avenue:Meranti Avenue
__sri_murugan_hill_temple:Sri Murugan Hill Temple
__duxton_road:Duxton Road
__national_neuroscience_institute_of_singapore:National Neuroscience Institute Of Singapore
__puat_jit_buddhist:Puat Jit Buddhist
__outram_park:Outram Park
__lorong_buangkok:Lorong Buangkok
__jalan_kesoma:Jalan Kesoma
__giant_spring:Giant Spring
__jurong_east_avenue:Jurong East Avenue
__science_park:Science Park
__punggol_avenue:Punggol Avenue
__tagore_road:Tagore Road
__arts_link:Arts Link
__tamarind_avenue:Tamarind Avenue
__chin_chew_street:Chin Chew Street
__swiss_club_link:Swiss Club Link
__boon_teck_road:Boon Teck Road
__jalan_jong:Jalan Jong
__tiong_poh_avenue:Tiong Poh Avenue
__foch_road:Foch Road
__choon_guan_street:Choon Guan Street
__giok_hong_tian:Giok Hong Tian
__ang_peng_tiam:Ang Peng Tiam
__chong_you_fook_charles:Chong You Fook Charles
__jurong_west_central:Jurong West Central
__jalan_shaer:Jalan Shaer
__paya_lebar_place:Paya Lebar Place
__yuan_ching:Yuan Ching
__anthony_road:Anthony Road
__tuas_avenue:Tuas Avenue
__tras_street:Tras Street
__changi_east_drive:Changi East Drive
__east_avenue:East Avenue
__chong_zheng:Chong Zheng
__bernice_ong:Bernice Ong
__hubert_hill:Hubert Hill
__one_north_avenue:One North Avenue
