__Vu_Ly_Tee:Vu Ly Tee:vu ly tee,vu lee tea,voo lee tea
__Abraham_Solomon:Abraham Solomon:abraham solomon
__Admiralty_Greens:Admiralty Greens:admiralty greens
__Admiralty_Road:Admiralty Road:admiralty road
__Admiralty_West:Admiralty West:admiralty west
__Ah_Hood_Road:Ah Hood Road:ah hood road
__Aida_Street:Aida Street:aida street
__Airline_Road:Airline Road:airline road
__Airport_Cargo_Road:Airport Cargo Road:airport cargo road
__Al_Islamiah:Al Islamiah:al islamiah
__Al_Islamic:Al Islamic:al islamic
__Alex_Josey:Alex Josey:alex josey
__Alexander_Laurie_Johnston:Alexander Laurie Johnston:alexander laurie johnston
__Alexandra_Lane:Alexandra Lane:alexandra lane
__Alexandra_Road:Alexandra Road:alexandra road
__Aliman_Hassan:Aliman Hassan:aliman hassan
__Aljunied_Avenue:Aljunied Avenue:aljunied avenue
__Aljunied_Crescent:Aljunied Crescent:aljunied crescent
__Aljunied_Hussein:Aljunied Hussein:aljunied hussein
__Aljunied_Neighbourhood:Aljunied Neighbourhood:aljunied neighbourhood
__Aljunied_Road:Aljunied Road:aljunied road
__Alnwick_Road:Alnwick Road:alnwick road
__Amasalam_Chetty_Road:Amasalam Chetty Road:amasalam chetty road
__Anak_Bukit:Anak Bukit:anak bukit
__Anchorvale_Drive:Anchorvale Drive:anchorvale drive
__Anchorvale_Street:Anchorvale Street:anchorvale street
__Ang_Mo_Kio:Ang Mo Kio:ang mo kio
__Ang_Mo_Kio_Street:Ang Mo Kio Street:ang mo kio street
__Ang_Peng_Tiam:Ang Peng Tiam:ang peng tiam
__Angsana_Avenue:Angsana Avenue:angsana avenue
__Angsana_Drive:Angsana Drive:angsana drive
__Ann_Siang_Hill:Ann Siang Hill:ann siang hill
__Anthony_Road:Anthony Road:anthony road
__Arab_Street:Arab Street:arab street
__Arrival_Crescent:Arrival Crescent:arrival crescent
__Arts_Link:Arts Link:arts link
__Arumugam_Road:Arumugam Road:arumugam road
__Asia_Pacific:Asia Pacific:asia pacific
__Asia_Square:Asia Square:asia square
__Asimont_Lane:Asimont Lane:asimont lane
__Attap_Valley_Lane:Attap Valley Lane:attap valley lane
__Au_Yun_Pak:Au Yun Pak:au yun pak
__Auckland_Road_West:Auckland Road West:auckland road west
__Australian_International:Australian International:australian international
__Ava_Road:Ava Road:ava road
__Avon_Road:Avon Road:avon road
__Baker_Street:Baker Street:baker street
__Bali_Lane:Bali Lane:bali lane
__Balmoral_Crescent:Balmoral Crescent:balmoral crescent
__Bao_Gong:Bao Gong:bao gong
__Bartley_Road:Bartley Road:bartley road
__Beach_Road:Beach Road:beach road
__Beatty_Road:Beatty Road:beatty road
__Bedok_Anchorvale_Crescent:Bedok Anchorvale Crescent:bedok anchorvale crescent
__Bedok_Green:Bedok Green:bedok green
__Bedok_Lighthouse:Bedok Lighthouse:bedok lighthouse
__Bedok_North:Bedok North:bedok north
__Bedok_Point:Bedok Point:bedok point
__Bedok_Points:Bedok Points:bedok points
__Bedok_Reservoir:Bedok Reservoir:bedok reservoir
__Bedok_Ria_Crescent:Bedok Ria Crescent:bedok ria crescent
__Bedok_South:Bedok South:bedok south
__Bedok_View:Bedok View:bedok view
__Beeh_Low_See:Beeh Low See:beeh low see
__Begonia_Walk:Begonia Walk:begonia walk
__Belilios_Lane:Belilios Lane:belilios lane
__Belmont_Road:Belmont Road:belmont road
__Bernice_Ong:Bernice Ong:bernice ong
__Bethlehem_Bible_Presbyterian:Bethlehem Bible Presbyterian:bethlehem bible presbyterian
__Binchang_Rise:Binchang Rise:binchang rise
__Bishan_Point:Bishan Point:bishan point
__Bishan_Street:Bishan Street:bishan street
__Blackmore_Drive:Blackmore Drive:blackmore drive
__Bliss_Hotel:Bliss Hotel:bliss hotel
__Blue_Cross:Blue Cross:blue cross
__Blue_Stars:Blue Stars:blue stars
__Bo_Seng_Avenue:Bo Seng Avenue:bo seng avenue
__Boarding_House:Boarding House:boarding house
__Boat_Quay:Boat Quay:boat quay
__Bodmin_Drive:Bodmin Drive:bodmin drive
__Bonham_Street:Bonham Street:bonham street
__Boon_Keng:Boon Keng:boon keng
__Boon_Lay:Boon Lay:boon lay
__Boon_Lay_Place:Boon Lay Place:boon lay place
__Boon_Tat_Street:Boon Tat Street:boon tat street
__Boon_Teck_Road:Boon Teck Road:boon teck road
__Borthwick_Drive:Borthwick Drive:borthwick drive
__Boundary_Road:Boundary Road:boundary road
__Braddell_Road:Braddell Road:braddell road
__Brani_Drive:Brani Drive:brani drive
__Brani_Marine:Brani Marine:brani marine
__Brani_Way:Brani Way:brani way
__Bridport_Avenue:Bridport Avenue:bridport avenue
__Bright_Hill:Bright Hill:bright hill
__Bristol_Road:Bristol Road:bristol road
__Buangkok_View:Buangkok View:buangkok view
__Bukit_Batok:Bukit Batok:bukit batok
__Bukit_Batok_Avenue:Bukit Batok Avenue:bukit batok avenue
__Bukit_Batok_Avenue_West:Bukit Batok Avenue West:bukit batok avenue west
__Bukit_Batok_Central:Bukit Batok Central:bukit batok central
__Bukit_Batok_Central_Link:Bukit Batok Central Link:bukit batok central link
__Bukit_Batok_Crescent:Bukit Batok Crescent:bukit batok crescent
__Bukit_Batok_East:Bukit Batok East:bukit batok east
__Bukit_Batok_East_Avenue:Bukit Batok East Avenue:bukit batok east avenue
__Bukit_Batok_Road:Bukit Batok Road:bukit batok road
__Bukit_Batok_Street:Bukit Batok Street:bukit batok street
__Bukit_Batok_West:Bukit Batok West:bukit batok west
__Bukit_Batok_West_Avenue:Bukit Batok West Avenue:bukit batok west avenue
__Bukit_Chandu:Bukit Chandu:bukit chandu
__Bukit_Ho_Swee_Link:Bukit Ho Swee Link:bukit ho swee link
__Bukit_Manis_Road:Bukit Manis Road:bukit manis road
__Bukit_Merah:Bukit Merah:bukit merah
__Bukit_Merah_View:Bukit Merah View:bukit merah view
__Bukit_Mugliston:Bukit Mugliston:bukit mugliston
__Bukit_Sedap_Road:Bukit Sedap Road:bukit sedap road
__Bukit_Teresa_Close:Bukit Teresa Close:bukit teresa close
__Bukit_Timah:Bukit Timah:bukit timah
__Bukit_Timah_Avenue:Bukit Timah Avenue:bukit timah avenue
__Bukit_Timah_Link:Bukit Timah Link:bukit timah link
__Bukit_Timah_Plaza:Bukit Timah Plaza:bukit timah plaza
__Bukit_Timah_Road:Bukit Timah Road:bukit timah road
__Bukit_Tinggi_Road:Bukit Tinggi Road:bukit tinggi road
__Burmah_Road:Burmah Road:burmah road
__Burmese_Buddhist:Burmese Buddhist:burmese buddhist
__Bury_Road:Bury Road:bury road
__Buyong_Road:Buyong Road:buyong road
__Canberra_View:Canberra View:canberra view
__Canning_Lane:Canning Lane:canning lane
__Canning_Rise:Canning Rise:canning rise
__Cantonment_Complex:Cantonment Complex:cantonment complex
__Carisbrooke_Grove:Carisbrooke Grove:carisbrooke grove
__Carl_Alexander:Carl Alexander:carl alexander
__Carlton_Avenue:Carlton Avenue:carlton avenue
__Carnation_Drive:Carnation Drive:carnation drive
__Cashew_Crescent:Cashew Crescent:cashew crescent
__Cashew_Road:Cashew Road:cashew road
__Cassia_Crescent:Cassia Crescent:cassia crescent
__Ceylon_Road:Ceylon Road:ceylon road
__Chai_Chee:Chai Chee:chai chee
__Chai_Chee_Drive:Chai Chee Drive:chai chee drive
__Chai_Chee_Street:Chai Chee Street:chai chee street
__Chan_Chun_Sing:Chan Chun Sing:chan chun sing
__Chan_Sek_Keong:Chan Sek Keong:chan sek keong
__Chancery_Lane:Chancery Lane:chancery lane
__Chang_Ziang:Chang Ziang:chang ziang
__Changi_Business_Park_Vista:Changi Business Park Vista:changi business park vista
__Changi_Coast:Changi Coast:changi coast
__Changi_East_Drive:Changi East Drive:changi east drive
__Changi_East_Road:Changi East Road:changi east road
__Changi_South_Lane:Changi South Lane:changi south lane
__Changi_Village_Road:Changi Village Road:changi village road
__Changkat_Changi:Changkat Changi:changkat changi
__Chatsworth_Road:Chatsworth Road:chatsworth road
__Cheang_Hong_Lim_Place:Cheang Hong Lim Place:cheang hong lim place
__Cheang_Hong_Lim_Street:Cheang Hong Lim Street:cheang hong lim street
__Chencharu_Lane:Chencharu Lane:chencharu lane
__Chencharu_Link:Chencharu Link:chencharu link
__Cheo_Kim_Ban:Cheo Kim Ban:cheo kim ban
__Chestnut_Crescent:Chestnut Crescent:chestnut crescent
__Chew_Kheng_Chuan:Chew Kheng Chuan:chew kheng chuan
__Chin_Bee_Road:Chin Bee Road:chin bee road
__Chin_Cheng_Avenue:Chin Cheng Avenue:chin cheng avenue
__Chin_Chew_Street:Chin Chew Street:chin chew street
__Chin_Swee:Chin Swee:chin swee
__China_Street:China Street:china street
__Chinatown_Complex:Chinatown Complex:chinatown complex
__Chinatown_Hotel:Chinatown Hotel:chinatown hotel
__Chinatown_Point:Chinatown Point:chinatown point
__Chinese_Garden:Chinese Garden:chinese garden
__Chinese_Garden_Road:Chinese Garden Road:chinese garden road
__Choa_Chu_Kang:Choa Chu Kang:choa chu kang
__Choa_Chu_Kang_Loop:Choa Chu Kang Loop:choa chu kang loop
__Choa_Chu_Kang_West:Choa Chu Kang West:choa chu kang west
__Chong_Pang:Chong Pang:chong pang
__Chong_Pang_Combined:Chong Pang Combined:chong pang combined
__Chong_You_Fook_Charles:Chong You Fook Charles:chong you fook charles
__Chong_Zheng:Chong Zheng:chong zheng
__Choon_Guan_Street:Choon Guan Street:choon guan street
__Choor_Singh_Sidhu:Choor Singh Sidhu:choor singh sidhu
__Christalite_Methodist:Christalite Methodist:christalite methodist
__Christopher_Henry_Rothwell:Christopher Henry Rothwell:christopher henry rothwell
__Chu_Siang_Tong:Chu Siang Tong:chu siang tong
__Chuan_Hoe_Avenue:Chuan Hoe Avenue:chuan hoe avenue
__Chuan_Walk:Chuan Walk:chuan walk
__Chulia_Street:Chulia Street:chulia street
__Chwee_Chian_View:Chwee Chian View:chwee chian view
__Circular_Road:Circular Road:circular road
__Claymore_Road:Claymore Road:claymore road
__Cleantech_View:Cleantech View:cleantech view
__Clementi_Street:Clementi Street:clementi street
__Clive_Street:Clive Street:clive street
__Clunny_Hill:Clunny Hill:clunny hill
__Colchester_Grove:Colchester Grove:colchester grove
__College_Of_Medicine:College Of Medicine:college of medicine
__Collyer_Quay:Collyer Quay:collyer quay
__Compassvale_Drive:Compassvale Drive:compassvale drive
__Compassvale_Road:Compassvale Road:compassvale road
__Coney_Island:Coney Island:coney island
__Connexis_South:Connexis South:connexis south
__Constance_Singam:Constance Singam:constance singam
__Cook_Street:Cook Street:cook street
__Copeland_Avenue:Copeland Avenue:copeland avenue
__Copthorne_King'S:Copthorne King'S:copthorne king's
__Corfe_Place:Corfe Place:corfe place
__Corporation_Road:Corporation Road:corporation road
__Countryside_Grove:Countryside Grove:countryside grove
__Countryside_View:Countryside View:countryside view
__Court_Road:Court Road:court road
__Covenant_Community_Methodist:Covenant Community Methodist:covenant community methodist
__Craig_Road:Craig Road:craig road
__Cranborne_Road:Cranborne Road:cranborne road
__Creek_Mangrove:Creek Mangrove:creek mangrove
__Croucher_Road:Croucher Road:croucher road
__Crowhurst_Drive:Crowhurst Drive:crowhurst drive
__Cuff_Road:Cuff Road:cuff road
__Cuscaden_Walk:Cuscaden Walk:cuscaden walk
__Da_Bo_Gong:Da Bo Gong:da bo gong
__Daffodil_Drive:Daffodil Drive:daffodil drive
__Dahan_Road:Dahan Road:dahan road
__Dairy_Farm:Dairy Farm:dairy farm
__Dairy_Farm_Crescent:Dairy Farm Crescent:dairy farm crescent
__Dalkeith_Road:Dalkeith Road:dalkeith road
__Darrell_Ang:Darrell Ang:darrell ang
__Dawson_North_Spring:Dawson North Spring:dawson north spring
__Dedap_Road:Dedap Road:dedap road
__Delta_Avenue:Delta Avenue:delta avenue
__Depot_Close:Depot Close:depot close
__Depot_Walk:Depot Walk:depot walk
__Devan_Nair:Devan Nair:devan nair
__Dimensions_International:Dimensions International:dimensions international
__Dinding_Place:Dinding Place:dinding place
__Dock_Road_East:Dock Road East:dock road east
__Dock_Road_West:Dock Road West:dock road west
__Douglas_Hamilton:Douglas Hamilton:douglas hamilton
__Dover_Drive:Dover Drive:dover drive
__Drake_Avenue:Drake Avenue:drake avenue
__Drake_Lane:Drake Lane:drake lane
__Dunlop_Street:Dunlop Street:dunlop street
__Duxton_Road:Duxton Road:duxton road
__East_Avenue:East Avenue:east avenue
__East_Coast_Avenue:East Coast Avenue:east coast avenue
__East_Spring:East Spring:east spring
__Eastern_Health_Alliance:Eastern Health Alliance:eastern health alliance
__Eau_Thermale_Avene:Eau Thermale Avene:eau thermale avene
__Edgware_Road:Edgware Road:edgware road
__Edmund_Blundell:Edmund Blundell:edmund blundell
__Edmund_Chen:Edmund Chen:edmund chen
__Edwin_Browns:Edwin Browns:edwin browns
__Ee_Teow_Leng_Road:Ee Teow Leng Road:ee teow leng road
__Elias_Green:Elias Green:elias green
__Elias_Park_Avenue:Elias Park Avenue:elias park avenue
__Ellice_Handy:Ellice Handy:ellice handy
__Empress_Road:Empress Road:empress road
__Eng_Hoon_Street:Eng Hoon Street:eng hoon street
__Eng_Kong_Road:Eng Kong Road:eng kong road
__Eng_Neo_Avenue:Eng Neo Avenue:eng neo avenue
__Ernani_Street:Ernani Street:ernani street
__Esther_Tan:Esther Tan:esther tan
__Eu_Yee_Ming_Richard:Eu Yee Ming Richard:eu yee ming richard
__Eunos_Avenue:Eunos Avenue:eunos avenue
__Evolution_Garden_Walk:Evolution Garden Walk:evolution garden walk
__Faber_Walk:Faber Walk:faber walk
__Fairway_Club:Fairway Club:fairway club
__Fairy_Point_Hill:Fairy Point Hill:fairy point hill
__Faith_Methodist:Faith Methodist:faith methodist
__Faith_Sanctuary_Garden_Avenue:Faith Sanctuary Garden Avenue:faith sanctuary garden avenue
__Famous_Amos:Famous Amos:famous amos
__Fan_Yoong_Road:Fan Yoong Road:fan yoong road
__Farrer_Garden:Farrer Garden:farrer garden
__Farrer_Park:Farrer Park:farrer park
__Fernvale_Lane:Fernvale Lane:fernvale lane
__Fire_Station:Fire Station:fire station
__Flint_Street:Flint Street:flint street
__Florence_Road:Florence Road:florence road
__Flower_Road:Flower Road:flower road
__Fo_Shan_Ting:Fo Shan Ting:fo shan ting
__Foch_Road:Foch Road:foch road
__Folkestone_Road:Folkestone Road:folkestone road
__Fortune_Students:Fortune Students:fortune students
__Fourth_Street:Fourth Street:fourth street
__Francis_Thomas_Drive:Francis Thomas Drive:francis thomas drive
__Fuk_Tak_Chi:Fuk Tak Chi:fuk tak chi
__Fullerton_Bay:Fullerton Bay:fullerton bay
__Fulton_Avenue:Fulton Avenue:fulton avenue
__Fusionopolis_Walk:Fusionopolis Walk:fusionopolis walk
__Gallop_Park:Gallop Park:gallop park
__Gallop_Road:Gallop Road:gallop road
__Gambir_Walk:Gambir Walk:gambir walk
__Gan_Eng_Seng:Gan Eng Seng:gan eng seng
__Gateway_Avenue:Gateway Avenue:gateway avenue
__Gateway_Inn:Gateway Inn:gateway inn
__George_Nigel:George Nigel:george nigel
__Gerald_Crescent:Gerald Crescent:gerald crescent
__Geylang_Bahru:Geylang Bahru:geylang bahru
__Geylang_Bahru_Lane:Geylang Bahru Lane:geylang bahru lane
__Geylang_Bahru_Terrace:Geylang Bahru Terrace:geylang bahru terrace
__Geylang_East_Avenue:Geylang East Avenue:geylang east avenue
__Geylang_East_Central:Geylang East Central:geylang east central
__Geylang_Lorong:Geylang Lorong:geylang lorong
__Geylang_Lorong_Labang:Geylang Lorong Labang:geylang lorong labang
__Geylang_Methodist:Geylang Methodist:geylang methodist
__Geylang_Methodist_School:Geylang Methodist School:geylang methodist school
__Geylang_Road:Geylang Road:geylang road
__Geylang_Serai:Geylang Serai:geylang serai
__Geylang_Square:Geylang Square:geylang square
__Geylang_United:Geylang United:geylang united
__Giant_Spring:Giant Spring:giant spring
__Gibraltar_Crescent:Gibraltar Crescent:gibraltar crescent
__Gibson_Hill:Gibson Hill:gibson hill
__Gilstead_Road:Gilstead Road:gilstead road
__Giok_Hong_Tian:Giok Hong Tian:giok hong tian
__Goldhill_Place:Goldhill Place:goldhill place
__Gopeng_Street:Gopeng Street:gopeng street
__Gordon_Arthur_Ransome:Gordon Arthur Ransome:gordon arthur ransome
__Grace_Walk:Grace Walk:grace walk
__Great_World:Great World:great world
__Green_Kiwi_Backpacker:Green Kiwi Backpacker:green kiwi backpacker
__Green_Taipei:Green Taipei:green taipei
__Green_Zeng:Green Zeng:green zeng
__Greendale_Rise:Greendale Rise:greendale rise
__Greenfield_Drive:Greenfield Drive:greenfield drive
__Greenridge_Crescent:Greenridge Crescent:greenridge crescent
__Greenwich_Drive:Greenwich Drive:greenwich drive
__Grove_Crescent:Grove Crescent:grove crescent
__Guillemard_Lane:Guillemard Lane:guillemard lane
__Guillemard_Road:Guillemard Road:guillemard road
__Gul_Lane:Gul Lane:gul lane
__Gul_Street:Gul Street:gul street
__Guok_Avenue:Guok Avenue:guok avenue
__Gurkha_Contingent:Gurkha Contingent:gurkha contingent
__Hai_Sing_Crescent:Hai Sing Crescent:hai sing crescent
__Haigsville_Drive:Haigsville Drive:haigsville drive
__Haji_Lane:Haji Lane:haji lane
__Halifax_Road:Halifax Road:halifax road
__Hamilton_Place:Hamilton Place:hamilton place
__Hampstead_Garden:Hampstead Garden:hampstead garden
__Hang_Chang_Chieh:Hang Chang Chieh:hang chang chieh
__Happy_Hotel:Happy Hotel:happy hotel
__Harlyn_Road:Harlyn Road:harlyn road
__Harrison_Road:Harrison Road:harrison road
__Havelock_Road:Havelock Road:havelock road
__Hiang_Foo_Siang_Temple:Hiang Foo Siang Temple:hiang foo siang temple
__Hillview_Avenue:Hillview Avenue:hillview avenue
__Hilton_International:Hilton International:hilton international
__Hindhede_Road:Hindhede Road:hindhede road
__Hindoo_Road:Hindoo Road:hindoo road
__Ho_Ching_Road:Ho Ching Road:ho ching road
__Ho_Lee_Ling:Ho Lee Ling:ho lee ling
__Ho_Ling:Ho Ling:ho ling
__Hock_Chuan:Hock Chuan:hock chuan
__Holland_Grove_Lane:Holland Grove Lane:holland grove lane
__Holland_Hill:Holland Hill:holland hill
__Holland_Village:Holland Village:holland village
__Home_Team_Academy:Home Team Academy:home team academy
__Hong_Kah:Hong Kah:hong kah
__Hong_San:Hong San:hong san
__Hospital_Avenue:Hospital Avenue:hospital avenue
__Hougang_Avenue:Hougang Avenue:hougang avenue
__Hougang_One:Hougang One:hougang one
__How_Sun_Drive:How Sun Drive:how sun drive
__How_Sun_Road:How Sun Road:how sun road
__How_Sun_Walk:How Sun Walk:how sun walk
__Hsu_Tse_Kwang:Hsu Tse Kwang:hsu tse kwang
__Hubert_Hill:Hubert Hill:hubert hill
__Hume_Avenue:Hume Avenue:hume avenue
__Hussein_Aljunied:Hussein Aljunied:hussein aljunied
__Hwee_Kuan:Hwee Kuan:hwee kuan
__Hythe_Road:Hythe Road:hythe road
__Imbiah_Walk:Imbiah Walk:imbiah walk
__Inderjit_Singh:Inderjit Singh:inderjit singh
__Inggu_Road:Inggu Road:inggu road
__Institute_Of_Engineer_Singapore:Institute Of Engineer Singapore:institute of engineer singapore
__International_Student_Support:International Student Support:international student support
__Ipoh_Lane:Ipoh Lane:ipoh lane
__Iqbal_Avenue:Iqbal Avenue:iqbal avenue
__Irving_Place:Irving Place:irving place
__Jalan_Anak_Bukit:Jalan Anak Bukit:jalan anak bukit
__Jalan_Azam'S:Jalan Azam'S:jalan azam's
__Jalan_Baiduri:Jalan Baiduri:jalan baiduri
__Jalan_Bangsawan:Jalan Bangsawan:jalan bangsawan
__Jalan_Basong:Jalan Basong:jalan basong
__Jalan_Batu_Ubin:Jalan Batu Ubin:jalan batu ubin
__Jalan_Bena:Jalan Bena:jalan bena
__Jalan_Berjaya:Jalan Berjaya:jalan berjaya
__Jalan_Berseri:Jalan Berseri:jalan berseri
__Jalan_Binja:Jalan Binja:jalan binja
__Jalan_Binjai:Jalan Binjai:jalan binjai
__Jalan_Boon_Lay:Jalan Boon Lay:jalan boon lay
__Jalan_Bumbong:Jalan Bumbong:jalan bumbong
__Jalan_Bunga_Rampai:Jalan Bunga Rampai:jalan bunga rampai
__Jalan_Bungar:Jalan Bungar:jalan bungar
__Jalan_Chengkek:Jalan Chengkek:jalan chengkek
__Jalan_Dondang_Sayang:Jalan Dondang Sayang:jalan dondang sayang
__Jalan_Dua:Jalan Dua:jalan dua
__Jalan_Dusun:Jalan Dusun:jalan dusun
__Jalan_Enam:Jalan Enam:jalan enam
__Jalan_Gemala:Jalan Gemala:jalan gemala
__Jalan_Girang:Jalan Girang:jalan girang
__Jalan_Greja:Jalan Greja:jalan greja
__Jalan_Hajijah:Jalan Hajijah:jalan hajijah
__Jalan_Hari_Raya:Jalan Hari Raya:jalan hari raya
__Jalan_Jeruju:Jalan Jeruju:jalan jeruju
__Jalan_Jong:Jalan Jong:jalan jong
__Jalan_Kampong_Chantek:Jalan Kampong Chantek:jalan kampong chantek
__Jalan_Kampong_Siglap:Jalan Kampong Siglap:jalan kampong siglap
__Jalan_Kayu_Manis:Jalan Kayu Manis:jalan kayu manis
__Jalan_Kechil:Jalan Kechil:jalan kechil
__Jalan_Keli:Jalan Keli:jalan keli
__Jalan_Kemaman:Jalan Kemaman:jalan kemaman
__Jalan_Keruing:Jalan Keruing:jalan keruing
__Jalan_Kesoma:Jalan Kesoma:jalan kesoma
__Jalan_Khairuddin:Jalan Khairuddin:jalan khairuddin
__Jalan_Klapa:Jalan Klapa:jalan klapa
__Jalan_Kledek:Jalan Kledek:jalan kledek
__Jalan_Klinik:Jalan Klinik:jalan klinik
__Jalan_Kwok_Min:Jalan Kwok Min:jalan kwok min
__Jalan_Lana:Jalan Lana:jalan lana
__Jalan_Langgar_Bedok:Jalan Langgar Bedok:jalan langgar bedok
__Jalan_Lapang:Jalan Lapang:jalan lapang
__Jalan_Layang_Layang:Jalan Layang Layang:jalan layang layang
__Jalan_Lembah_Bedok:Jalan Lembah Bedok:jalan lembah bedok
__Jalan_Lempeng:Jalan Lempeng:jalan lempeng
__Jalan_Lengkok:Jalan Lengkok:jalan lengkok
__Jalan_Lengkok_Sembawang:Jalan Lengkok Sembawang:jalan lengkok sembawang
__Jalan_Limau_Bali:Jalan Limau Bali:jalan limau bali
__Jalan_Limau_Nipis:Jalan Limau Nipis:jalan limau nipis
__Jalan_Limau_Purut:Jalan Limau Purut:jalan limau purut
__Jalan_Limbok:Jalan Limbok:jalan limbok
__Jalan_Mamam:Jalan Mamam:jalan mamam
__Jalan_Mangkok:Jalan Mangkok:jalan mangkok
__Jalan_Manis:Jalan Manis:jalan manis
__Jalan_Mastuli:Jalan Mastuli:jalan mastuli
__Jalan_Membina:Jalan Membina:jalan membina
__Jalan_Mempurong:Jalan Mempurong:jalan mempurong
__Jalan_Mengkudu:Jalan Mengkudu:jalan mengkudu
__Jalan_Mesra:Jalan Mesra:jalan mesra
__Jalan_Minggu:Jalan Minggu:jalan minggu
__Jalan_Minyak:Jalan Minyak:jalan minyak
__Jalan_Noordin:Jalan Noordin:jalan noordin
__Jalan_Novena:Jalan Novena:jalan novena
__Jalan_Nuri:Jalan Nuri:jalan nuri
__Jalan_Paras:Jalan Paras:jalan paras
__Jalan_Pari_Kikis:Jalan Pari Kikis:jalan pari kikis
__Jalan_Pelangi:Jalan Pelangi:jalan pelangi
__Jalan_Pelatina:Jalan Pelatina:jalan pelatina
__Jalan_Pelatok:Jalan Pelatok:jalan pelatok
__Jalan_Pelepah:Jalan Pelepah:jalan pelepah
__Jalan_Pelikat:Jalan Pelikat:jalan pelikat
__Jalan_Peradun:Jalan Peradun:jalan peradun
__Jalan_Pinang:Jalan Pinang:jalan pinang
__Jalan_Puteri:Jalan Puteri:jalan puteri
__Jalan_Rajah:Jalan Rajah:jalan rajah
__Jalan_Rebana:Jalan Rebana:jalan rebana
__Jalan_Remis:Jalan Remis:jalan remis
__Jalan_Rendang:Jalan Rendang:jalan rendang
__Jalan_Rukam:Jalan Rukam:jalan rukam
__Jalan_Sabit:Jalan Sabit:jalan sabit
__Jalan_Seh_Chuan:Jalan Seh Chuan:jalan seh chuan
__Jalan_Selamat:Jalan Selamat:jalan selamat
__Jalan_Selimang:Jalan Selimang:jalan selimang
__Jalan_Senang:Jalan Senang:jalan senang
__Jalan_Sendudok:Jalan Sendudok:jalan sendudok
__Jalan_Senyum:Jalan Senyum:jalan senyum
__Jalan_Setia:Jalan Setia:jalan setia
__Jalan_Shaer:Jalan Shaer:jalan shaer
__Jalan_Siap:Jalan Siap:jalan siap
__Jalan_Simpang_Bedok:Jalan Simpang Bedok:jalan simpang bedok
__Jalan_Sukachita:Jalan Sukachita:jalan sukachita
__Jalan_Sungei_Poyan:Jalan Sungei Poyan:jalan sungei poyan
__Jalan_Tan_Tock_Seng:Jalan Tan Tock Seng:jalan tan tock seng
__Jalan_Tanah:Jalan Tanah:jalan tanah
__Jalan_Tanah_Rata:Jalan Tanah Rata:jalan tanah rata
__Jalan_Tanjong:Jalan Tanjong:jalan tanjong
__Jalan_Tari_Lilin:Jalan Tari Lilin:jalan tari lilin
__Jalan_Tari_Zapin:Jalan Tari Zapin:jalan tari zapin
__Jalan_Tarum:Jalan Tarum:jalan tarum
__Jalan_Tenang:Jalan Tenang:jalan tenang
__Jalan_Tenteram:Jalan Tenteram:jalan tenteram
__Jalan_Tepong:Jalan Tepong:jalan tepong
__Jalan_Tiga_Ratus:Jalan Tiga Ratus:jalan tiga ratus
__Jalan_Ulu_Seletar:Jalan Ulu Seletar:jalan ulu seletar
__Jalan_Ulu_Sembawang:Jalan Ulu Sembawang:jalan ulu sembawang
__Jalan_Wajek:Jalan Wajek:jalan wajek
__Jalan_Yasin:Jalan Yasin:jalan yasin
__Jalan_Zamrud:Jalan Zamrud:jalan zamrud
__Jamaica_Road:Jamaica Road:jamaica road
__Janet_Lim:Janet Lim:janet lim
__Janil_Puthucheary:Janil Puthucheary:janil puthucheary
__Jervois_Hill:Jervois Hill:jervois hill
__Ji_Huang_Kok:Ji Huang Kok:ji huang kok
__Jiak_Chuan_Road:Jiak Chuan Road:jiak chuan road
__Joan_Road:Joan Road:joan road
__Joanne_Soo:Joanne Soo:joanne soo
__John_Fearns_Nicolls:John Fearns Nicolls:john fearns nicolls
__John_Le_Cain:John Le Cain:john le cain
__John_Morrice:John Morrice:john morrice
__Joo_Avenue:Joo Avenue:joo avenue
__Joo_Koon_Crescent:Joo Koon Crescent:joo koon crescent
__Jula_Juli:Jula Juli:jula juli
__Junction_Nine:Junction Nine:junction nine
__Jupiter_Road:Jupiter Road:jupiter road
__Jurong_Bird:Jurong Bird:jurong bird
__Jurong_East_Avenue:Jurong East Avenue:jurong east avenue
__Jurong_Island:Jurong Island:jurong island
__Jurong_Port:Jurong Port:jurong port
__Jurong_West:Jurong West:jurong west
__Jurong_West_Avenue:Jurong West Avenue:jurong west avenue
__Jurong_West_Central:Jurong West Central:jurong west central
__Kaki_Bukit:Kaki Bukit:kaki bukit
__Kallang_Airport_Drive:Kallang Airport Drive:kallang airport drive
__Kampong_Ampat:Kampong Ampat:kampong ampat
__Kampong_Arang_Road:Kampong Arang Road:kampong arang road
__Kampong_Bahru:Kampong Bahru:kampong bahru
__Kampong_Bahru_Road:Kampong Bahru Road:kampong bahru road
__Kampong_Bugis:Kampong Bugis:kampong bugis
__Kampong_Bugis_Crescent:Kampong Bugis Crescent:kampong bugis crescent
__Kampong_Bukit_Coffee:Kampong Bukit Coffee:kampong bukit coffee
__Kampong_Chai_Chee:Kampong Chai Chee:kampong chai chee
__Kampong_Eunos:Kampong Eunos:kampong eunos
__Kampong_Glam:Kampong Glam:kampong glam
__Kampong_Java:Kampong Java:kampong java
__Kampong_Kapor_Road:Kampong Kapor Road:kampong kapor road
__Kampong_Kayu_Road:Kampong Kayu Road:kampong kayu road
__Kampong_Kembangan:Kampong Kembangan:kampong kembangan
__Kampong_Sireh:Kampong Sireh:kampong sireh
__Kampong_Sungai_Tiga:Kampong Sungai Tiga:kampong sungai tiga
__Kampong_Ubi:Kampong Ubi:kampong ubi
__Kampong_Wak_Hassan:Kampong Wak Hassan:kampong wak hassan
__Kampung_Glam:Kampung Glam:kampung glam
__Kampung_Melayu:Kampung Melayu:kampung melayu
__Katmandu_Road:Katmandu Road:katmandu road
__Kay_Siang_Road:Kay Siang Road:kay siang road
__Keat_Hong_Link:Keat Hong Link:keat hong link
__Kebun_Baru:Kebun Baru:kebun baru
__Keck_Seng:Keck Seng:keck seng
__Kee_Seng_Street:Kee Seng Street:kee seng street
__Kee_Sun_Avenue:Kee Sun Avenue:kee sun avenue
__Keene_Road:Keene Road:keene road
__Keng_Lee_Road:Keng Lee Road:keng lee road
__Kent_Ridge_Crescent:Kent Ridge Crescent:kent ridge crescent
__Kent_Ridge_Drive:Kent Ridge Drive:kent ridge drive
__Kent_Road:Kent Road:kent road
__Kenya_Crescent:Kenya Crescent:kenya crescent
__Keppel_Bay:Keppel Bay:keppel bay
__Keramat_Road:Keramat Road:keramat road
__Kerong_Walk:Kerong Walk:kerong walk
__Kew_Avenue:Kew Avenue:kew avenue
__Kew_Walk:Kew Walk:kew walk
__Khaw_Boon_Wan:Khaw Boon Wan:khaw boon wan
__Kian_Teck_Road:Kian Teck Road:kian teck road
__Kiew_Sian_King:Kiew Sian King:kiew sian king
__Kim_Chuan_Road:Kim Chuan Road:kim chuan road
__Kim_Hong:Kim Hong:kim hong
__Kim_Keat:Kim Keat:kim keat
__Kim_Seng:Kim Seng:kim seng
__Kim_Seng_Road:Kim Seng Road:kim seng road
__Kim_Tian_Place:Kim Tian Place:kim tian place
__Kinara_Lane:Kinara Lane:kinara lane
__Kismis_Road:Kismis Road:kismis road
__Kitchener_Road:Kitchener Road:kitchener road
__Klang_Road:Klang Road:klang road
__Koh_Mui_Hiang:Koh Mui Hiang:koh mui hiang
__Koh_Seow_Chuan:Koh Seow Chuan:koh seow chuan
__Kouo_Shang_Wei:Kouo Shang Wei:kouo shang wei
__Kranji_Commonwealth:Kranji Commonwealth:kranji commonwealth
__Kranji_Crescent:Kranji Crescent:kranji crescent
__Kreta_Ayer:Kreta Ayer:kreta ayer
__Kuang_Chee_Tng:Kuang Chee Tng:kuang chee tng
__Kwan_Im_Tng:Kwan Im Tng:kwan im tng
__Kwan_Imm_See:Kwan Imm See:kwan imm see
__Kwong_Min_Road:Kwong Min Road:kwong min road
__Kwong_Wai_Siew:Kwong Wai Siew:kwong wai siew
__La_Mode:La Mode:la mode
__Lam_Pin_Min:Lam Pin Min:lam pin min
__Lambeth_Walk:Lambeth Walk:lambeth walk
__Larkhill_Road:Larkhill Road:larkhill road
__Lau_Kuo_Kwong_Robert:Lau Kuo Kwong Robert:lau kuo kwong robert
__Lavender_Street:Lavender Street:lavender street
__Le_Peranakan:Le Peranakan:le peranakan
__Lee_Boon_Ngan:Lee Boon Ngan:lee boon ngan
__Lee_Kong_Chian:Lee Kong Chian:lee kong chian
__Lee_Kong_Yan:Lee Kong Yan:lee kong yan
__Lee_Shih_Shiong_Peter:Lee Shih Shiong Peter:lee shih shiong peter
__Lempeng_Drive:Lempeng Drive:lempeng drive
__Leng_Chai_Chee:Leng Chai Chee:leng chai chee
__Lengkok_Angsa:Lengkok Angsa:lengkok angsa
__Lengkok_Lima:Lengkok Lima:lengkok lima
__Lengkok_Satu:Lengkok Satu:lengkok satu
__Lengkok_Satu_Sago_Street:Lengkok Satu Sago Street:lengkok satu sago street
__Lengkong_Dua:Lengkong Dua:lengkong dua
__Lentor_Way:Lentor Way:lentor way
__Leo_Drive:Leo Drive:leo drive
__Lew_Lian_Vale:Lew Lian Vale:lew lian vale
__Lewis_Road:Lewis Road:lewis road
__Li_Hui_Cheng:Li Hui Cheng:li hui cheng
__Liane_Road:Liane Road:liane road
__Liang_Court:Liang Court:liang court
__Liao_Yingru:Liao Yingru:liao yingru
__Lichi_Avenue:Lichi Avenue:lichi avenue
__Lien_Ying_Chow_Drive:Lien Ying Chow Drive:lien ying chow drive
__Lilac_Road:Lilac Road:lilac road
__Lilliputt_Indoor_Mini_Golf:Lilliputt Indoor Mini Golf:lilliputt indoor mini golf
__Lily_Avenue:Lily Avenue:lily avenue
__Lim_Ah_Pin_Road:Lim Ah Pin Road:lim ah pin road
__Lim_Ah_Woo_Road:Lim Ah Woo Road:lim ah woo road
__Lim_Chong_Pang:Lim Chong Pang:lim chong pang
__Lim_Chu_Kang:Lim Chu Kang:lim chu kang
__Lim_Chu_Kang_Lane:Lim Chu Kang Lane:lim chu kang lane
__Lim_Lee:Lim Lee:lim lee
__Lim_Teck_Boo_Road:Lim Teck Boo Road:lim teck boo road
__Lim_Teck_Kim_Road:Lim Teck Kim Road:lim teck kim road
__Lim_Tua_Tow_Road:Lim Tua Tow Road:lim tua tow road
__Limau_Garden:Limau Garden:limau garden
__Lin_Tan:Lin Tan:lin tan
__Little_Road:Little Road:little road
__Lloyd_Road:Lloyd Road:lloyd road
__Loh_Lik_Peng:Loh Lik Peng:loh lik peng
__Lornie_Walk:Lornie Walk:lornie walk
__Lorong_Abu_Talib:Lorong Abu Talib:lorong abu talib
__Lorong_Bachok:Lorong Bachok:lorong bachok
__Lorong_Batawi:Lorong Batawi:lorong batawi
__Lorong_Buangkok:Lorong Buangkok:lorong buangkok
__Lorong_Gambas:Lorong Gambas:lorong gambas
__Lorong_Kembang:Lorong Kembang:lorong kembang
__Lorong_Kilat_Pek_Kio:Lorong Kilat Pek Kio:lorong kilat pek kio
__Lorong_Lew_Lian:Lorong Lew Lian:lorong lew lian
__Lorong_Mesu:Lorong Mesu:lorong mesu
__Lorong_Pasu:Lorong Pasu:lorong pasu
__Lorong_Paya_Lebar:Lorong Paya Lebar:lorong paya lebar
__Lorong_Pendek:Lorong Pendek:lorong pendek
__Lorong_Pisang_Asam:Lorong Pisang Asam:lorong pisang asam
__Lorong_Pisang_Batu:Lorong Pisang Batu:lorong pisang batu
__Lorong_Sarina_D'Leedon:Lorong Sarina D'Leedon:lorong sarina d'leedon
__Lorong_Siglap:Lorong Siglap:lorong siglap
__Lorong_Sinaran:Lorong Sinaran:lorong sinaran
__Louis_Chen:Louis Chen:louis chen
__Lower_Seletar_Close:Lower Seletar Close:lower seletar close
__Lower_Seletar_Reservoir:Lower Seletar Reservoir:lower seletar reservoir
__Loyang_Street:Loyang Street:loyang street
__Lucy_Tan:Lucy Tan:lucy tan
__Lutheran_Road:Lutheran Road:lutheran road
__Macalister_Road:Macalister Road:macalister road
__Macpherson_Road:Macpherson Road:macpherson road
__Macritchie_Reservoir:Macritchie Reservoir:macritchie reservoir
__Maggie_Teng:Maggie Teng:maggie teng
__Mah_Bow_Tan:Mah Bow Tan:mah bow tan
__Management_Development_Institute_Of_Singapore:Management Development Institute Of Singapore:management development institute of singapore
__Mandai_Tekong:Mandai Tekong:mandai tekong
__Mandarin_Gardens:Mandarin Gardens:mandarin gardens
__Manila_Street:Manila Street:manila street
__Maple_Avenue:Maple Avenue:maple avenue
__Margate_Road:Margate Road:margate road
__Marina_Bay:Marina Bay:marina bay
__Marina_Bay_Sands:Marina Bay Sands:marina bay sands
__Marina_One:Marina One:marina one
__Marina_Promenade:Marina Promenade:marina promenade
__Marina_Way:Marina Way:marina way
__Marine_Parade:Marine Parade:marine parade
__Marine_Parade_Road:Marine Parade Road:marine parade road
__Maris_Stella:Maris Stella:maris stella
__Maritime_Square:Maritime Square:maritime square
__Marshall_Lane:Marshall Lane:marshall lane
__Marsiling_Crescent:Marsiling Crescent:marsiling crescent
__Marsiling_Drive:Marsiling Drive:marsiling drive
__Marsiling_Neighbourhood:Marsiling Neighbourhood:marsiling neighbourhood
__Marsiling_Rise:Marsiling Rise:marsiling rise
__Marsiling_Road:Marsiling Road:marsiling road
__Martin_Road:Martin Road:martin road
__Masjid_Alkaff:Masjid Alkaff:masjid alkaff
__Mayflower_Way:Mayflower Way:mayflower way
__Medical_Drive:Medical Drive:medical drive
__Mei_Chin_Road:Mei Chin Road:mei chin road
__Mei_Hwan_Drive:Mei Hwan Drive:mei hwan drive
__Meng_Suan_Road:Meng Suan Road:meng suan road
__Meranti_Avenue:Meranti Avenue:meranti avenue
__Merlimau_Place:Merlimau Place:merlimau place
__Meteorological_Services_Singapore:Meteorological Services Singapore:meteorological services singapore
__Methodist_Girls':Methodist Girls':methodist girls'
__Michelle_Lim:Michelle Lim:michelle lim
__Middlesex_Road:Middlesex Road:middlesex road
__Miller_Street:Miller Street:miller street
__Miltonia_Link:Miltonia Link:miltonia link
__Mimosa_Vale:Mimosa Vale:mimosa vale
__Monk'S_Hill_Road:Monk'S Hill Road:monk's hill road
__Montreal_Link:Montreal Link:montreal link
__Moonbeam_Drive:Moonbeam Drive:moonbeam drive
__Moonbeam_Walk:Moonbeam Walk:moonbeam walk
__Moral_Welfare:Moral Welfare:moral welfare
__Moreton_Close:Moreton Close:moreton close
__Morgan_Chua:Morgan Chua:morgan chua
__Moriah_Bible_Presby:Moriah Bible Presby:moriah bible presby
__Mornington_Crescent:Mornington Crescent:mornington crescent
__Mount_Faber_Loop:Mount Faber Loop:mount faber loop
__Mount_Faber_Road:Mount Faber Road:mount faber road
__Movenpick_Heritage:Movenpick Heritage:movenpick heritage
__Muhammadiyah_Welfare:Muhammadiyah Welfare:muhammadiyah welfare
__Mulberry_Avenue:Mulberry Avenue:mulberry avenue
__Muswell_Hill:Muswell Hill:muswell hill
__My_Saviour'S:My Saviour'S:my saviour's
__N_Palanivelu:N Palanivelu:n palanivelu
__Nagore_Dargah:Nagore Dargah:nagore dargah
__Namly_Rise:Namly Rise:namly rise
__Nan_Chiau:Nan Chiau:nan chiau
__Nanyang_Avenue:Nanyang Avenue:nanyang avenue
__Nanyang_Girls':Nanyang Girls':nanyang girls'
__Nanyang_Poly_Drive:Nanyang Poly Drive:nanyang poly drive
__Nanyang_Valley:Nanyang Valley:nanyang valley
__Napier_Road:Napier Road:napier road
__Nasi_Goreng:Nasi Goreng:nasi goreng
__Natalie_Hennedige:Natalie Hennedige:natalie hennedige
__National_Arts_Council:National Arts Council:national arts council
__National_Equestrian_Centre:National Equestrian Centre:national equestrian centre
__National_Neuroscience_Institute:National Neuroscience Institute:national neuroscience institute
__National_Neuroscience_Institute_Of_Singapore:National Neuroscience Institute Of Singapore:national neuroscience institute of singapore
__Nativity_Of_The_Blessed_Virgin_Mary_Concord:Nativity Of The Blessed Virgin Mary Concord:nativity of the blessed virgin mary concord
__Nee_Soon:Nee Soon:nee soon
__Nee_Soon_East:Nee Soon East:nee soon east
__Neo_Tiew_Lane:Neo Tiew Lane:neo tiew lane
__Neo_Tiew_Road:Neo Tiew Road:neo tiew road
__Nepal_Link:Nepal Link:nepal link
__Newton_Cirus:Newton Cirus:newton cirus
__Newton_Life:Newton Life:newton life
__Nexus_International_School:Nexus International School:nexus international school
__Ng_Chee_Meng:Ng Chee Meng:ng chee meng
__North_Buona_Vista_Drive:North Buona Vista Drive:north buona vista drive
__North_Spring:North Spring:north spring
__North_Vista:North Vista:north vista
__North_West:North West:north west
__Northshore_Drive:Northshore Drive:northshore drive
__Northshore_Link:Northshore Link:northshore link
__Oak_Avenue:Oak Avenue:oak avenue
__Ocean_Way:Ocean Way:ocean way
__Office_Road:Office Road:office road
__Ogilvy_Centre:Ogilvy Centre:ogilvy centre
__Old_Birdcage_Walk:Old Birdcage Walk:old birdcage walk
__Old_Cathay:Old Cathay:old cathay
__Old_Choa_Chu_Kang_Road:Old Choa Chu Kang Road:old choa chu kang road
__Old_Hill_Street:Old Hill Street:old hill street
__Old_Terminal_Lane:Old Terminal Lane:old terminal lane
__Old_Upper_Thomson:Old Upper Thomson:old upper thomson
__Omar_Ali:Omar Ali:omar ali
__Omar_Khayyam_Avenue:Omar Khayyam Avenue:omar khayyam avenue
__One_Farrer:One Farrer:one farrer
__One_George_Street:One George Street:one george street
__One_North_Avenue:One North Avenue:one north avenue
__One_North_Link:One North Link:one north link
__One_Tree_Hill:One Tree Hill:one tree hill
__Onitsuka_Tiger:Onitsuka Tiger:onitsuka tiger
__Onraet_Road:Onraet Road:onraet road
__Orchard_Bel_Air:Orchard Bel Air:orchard bel air
__Orchard_Point:Orchard Point:orchard point
__Orchard_Spring:Orchard Spring:orchard spring
__Orchard_Spring_Lane:Orchard Spring Lane:orchard spring lane
__Orchard_Turn:Orchard Turn:orchard turn
__Orchid_Park:Orchid Park:orchid park
__Oriole_Crescent:Oriole Crescent:oriole crescent
__Outram_Park:Outram Park:outram park
__Oxford_Road:Oxford Road:oxford road
__Palm_Avenue:Palm Avenue:palm avenue
__Palm_Road:Palm Road:palm road
__Pan_Pacific:Pan Pacific:pan pacific
__Pan_Shou:Pan Shou:pan shou
__Pandan_Avenue:Pandan Avenue:pandan avenue
__Pang_Seng_Road:Pang Seng Road:pang seng road
__Park_Avenue:Park Avenue:park avenue
__Parry_Avenue:Parry Avenue:parry avenue
__Pasir_Panjang_Road:Pasir Panjang Road:pasir panjang road
__Pasir_Panjang_View:Pasir Panjang View:pasir panjang view
__Pasir_Ris:Pasir Ris:pasir ris
__Pasir_Ris_Road:Pasir Ris Road:pasir ris road
__Pasir_Ris_View:Pasir Ris View:pasir ris view
__Pasir_Ris_Way:Pasir Ris Way:pasir ris way
__Paterson_Road:Paterson Road:paterson road
__Paya_Lebar:Paya Lebar:paya lebar
__Paya_Lebar_Place:Paya Lebar Place:paya lebar place
__Paya_Ubi:Paya Ubi:paya ubi
__Peace_Centre:Peace Centre:peace centre
__Peakville_Avenue:Peakville Avenue:peakville avenue
__Peakville_Grove:Peakville Grove:peakville grove
__Pebble_Lane:Pebble Lane:pebble lane
__Peck_San_Theng:Peck San Theng:peck san theng
__Peck_Seah_Street:Peck Seah Street:peck seah street
__Peirce_Hill:Peirce Hill:peirce hill
__Pemimpin_Drive:Pemimpin Drive:pemimpin drive
__Penang_Road:Penang Road:penang road
__Peng_Kang_Avenue:Peng Kang Avenue:peng kang avenue
__Peng_Nguan:Peng Nguan:peng nguan
__Peninsula_Plaza:Peninsula Plaza:peninsula plaza
__Penjuru_Road:Penjuru Road:penjuru road
__Perahu_Road:Perahu Road:perahu road
__Percival_Road:Percival Road:percival road
__Pereira_Road:Pereira Road:pereira road
__Perumal_Govindaswamy:Perumal Govindaswamy:perumal govindaswamy
__Perumal_Road:Perumal Road:perumal road
__Ping_Yi:Ping Yi:ping yi
__Platina_Road:Platina Road:platina road
__Plaza_Singapura:Plaza Singapura:plaza singapura
__Poh_Ern_Shih:Poh Ern Shih:poh ern shih
__Poh_Huat_Road:Poh Huat Road:poh huat road
__Poh_Jay:Poh Jay:poh jay
__Post_Florence_Road:Post Florence Road:post florence road
__Prince_Of_Wales_Road:Prince Of Wales Road:prince of wales road
__Prinsep_Street:Prinsep Street:prinsep street
__Prome_Road:Prome Road:prome road
__Puat_Jit_Buddhist:Puat Jit Buddhist:puat jit buddhist
__Pulau_Ubin:Pulau Ubin:pulau ubin
__Punggol_Avenue:Punggol Avenue:punggol avenue
__Qing_De_Gong:Qing De Gong:qing de gong
__Queen_Elizabeth_Walk:Queen Elizabeth Walk:queen elizabeth walk
__Radin_Mas:Radin Mas:radin mas
__Raffles_Place:Raffles Place:raffles place
__Rahayu_Mahzam:Rahayu Mahzam:rahayu mahzam
__Rahim_Omar:Rahim Omar:rahim omar
__Rail_Mall:Rail Mall:rail mall
__Rajabali_Jumabhoy:Rajabali Jumabhoy:rajabali jumabhoy
__Rambutan_Road:Rambutan Road:rambutan road
__Rasok_Drive:Rasok Drive:rasok drive
__Rebecca_Chua:Rebecca Chua:rebecca chua
__Red_Cross:Red Cross:red cross
__Red_Swastika:Red Swastika:red swastika
__Redhill_Road:Redhill Road:redhill road
__Redwood_Grove:Redwood Grove:redwood grove
__Revival_Centre:Revival Centre:revival centre
__Richard_Eric_Holttum:Richard Eric Holttum:richard eric holttum
__Ring_Road:Ring Road:ring road
__Rita_Zahara:Rita Zahara:rita zahara
__River_City:River City:river city
__River_Safari:River Safari:river safari
__River_Valley:River Valley:river valley
__Riverina_Walk:Riverina Walk:riverina walk
__Rivervale_Plaza:Rivervale Plaza:rivervale plaza
__Robert_Soon:Robert Soon:robert soon
__Robert_V_Chandran_Way:Robert V Chandran Way:robert v chandran way
__Robin_Tessensohn:Robin Tessensohn:robin tessensohn
__Robinson_Road:Robinson Road:robinson road
__Rochor_Kongsi:Rochor Kongsi:rochor kongsi
__Rochor_Road:Rochor Road:rochor road
__Rosaline_Chan_Pang:Rosaline Chan Pang:rosaline chan pang
__Ruby_Lane:Ruby Lane:ruby lane
__Russels_Road:Russels Road:russels road
__Safra_Jurong:Safra Jurong:safra jurong
__Safra_Punggol:Safra Punggol:safra punggol
__Saint_Helier'S_Avenue:Saint Helier'S Avenue:saint helier's avenue
__Saint_Hilda'S:Saint Hilda'S:saint hilda's
__Saint_James:Saint James:saint james
__Saint_Nicholas_View:Saint Nicholas View:saint nicholas view
__Saint_Paul'S:Saint Paul'S:saint paul's
__Saint_Stephen'S:Saint Stephen'S:saint stephen's
__Saint_Wilfred_Road:Saint Wilfred Road:saint wilfred road
__Saint_Xavier'S:Saint Xavier'S:saint xavier's
__Saint_Xavier'S_Lane:Saint Xavier'S Lane:saint xavier's lane
__Sakra_Road:Sakra Road:sakra road
__Sakya_Tenphel_Ling:Sakya Tenphel Ling:sakya tenphel ling
__Sam_Kee:Sam Kee:sam kee
__Sandilands_Road:Sandilands Road:sandilands road
__Science_Park:Science Park:science park
__Sea_Breeze_Grove:Sea Breeze Grove:sea breeze grove
__Seah_Mei_Lin:Seah Mei Lin:seah mei lin
__Secondary_School:Secondary School:secondary school
__Segar_Close:Segar Close:segar close
__Segar_Kampong_Arang_Road:Segar Kampong Arang Road:segar kampong arang road
__Selarang_Road:Selarang Road:selarang road
__Seletar_Close:Seletar Close:seletar close
__Seletar_Club:Seletar Club:seletar club
__Seletar_Club_Road:Seletar Club Road:seletar club road
__Seletar_Court:Seletar Court:seletar court
__Seletar_East:Seletar East:seletar east
__Seletar_Green_Avenue:Seletar Green Avenue:seletar green avenue
__Seletar_Hill:Seletar Hill:seletar hill
__Seletar_Hill_Drive:Seletar Hill Drive:seletar hill drive
__Seletar_Hills_Drive:Seletar Hills Drive:seletar hills drive
__Seletar_Link:Seletar Link:seletar link
__Seletar_Lodge_One:Seletar Lodge One:seletar lodge one
__Seletar_North:Seletar North:seletar north
__Seletar_North_Lane:Seletar North Lane:seletar north lane
__Seletar_Satellite:Seletar Satellite:seletar satellite
__Seletar_Satellite_Station_Road:Seletar Satellite Station Road:seletar satellite station road
__Seletar_South_Road:Seletar South Road:seletar south road
__Seletar_West:Seletar West:seletar west
__Seletar_Wests:Seletar Wests:seletar wests
__Sembawang_Alley:Sembawang Alley:sembawang alley
__Sembawang_Avenue:Sembawang Avenue:sembawang avenue
__Sembawang_Berlayer:Sembawang Berlayer:sembawang berlayer
__Sembawang_Country_Club:Sembawang Country Club:sembawang country club
__Sembawang_God_Of_Wealth:Sembawang God Of Wealth:sembawang god of wealth
__Sembawang_Hills_Drive:Sembawang Hills Drive:sembawang hills drive
__Sembawang_Shopping_Centre:Sembawang Shopping Centre:sembawang shopping centre
__Sembawang_Tamil_Methodist:Sembawang Tamil Methodist:sembawang tamil methodist
__Sembawang_Terminal_Avenue:Sembawang Terminal Avenue:sembawang terminal avenue
__Sembawang_Terminal_Road:Sembawang Terminal Road:sembawang terminal road
__Sembawang_Vista:Sembawang Vista:sembawang vista
__Sembawang_Wharves:Sembawang Wharves:sembawang wharves
__Sembawang_Woodgrove_Avenue:Sembawang Woodgrove Avenue:sembawang woodgrove avenue
__Sengkang_East_Avenue:Sengkang East Avenue:sengkang east avenue
__Sengkang_East_Road:Sengkang East Road:sengkang east road
__Sengkang_East_Way:Sengkang East Way:sengkang east way
__Sennett_Road:Sennett Road:sennett road
__Sentul_Crescent:Sentul Crescent:sentul crescent
__Serangoon_Gardens:Serangoon Gardens:serangoon gardens
__Serangoon_North_Avenue:Serangoon North Avenue:serangoon north avenue
__Serapong_Hill:Serapong Hill:serapong hill
__Seraya_Avenue:Seraya Avenue:seraya avenue
__Sharon_Bible_Presbyterian:Sharon Bible Presbyterian:sharon bible presbyterian
__Shelford_Road:Shelford Road:shelford road
__Shipyard_Crescent:Shipyard Crescent:shipyard crescent
__Shopping_Centre:Shopping Centre:shopping centre
__Shun_Li:Shun Li:shun li
__Si_Ling:Si Ling:si ling
__Siang_Cho_Keong:Siang Cho Keong:siang cho keong
__Siglap_Gardens:Siglap Gardens:siglap gardens
__Siloso_Beach:Siloso Beach:siloso beach
__Sim_Choon_Huat:Sim Choon Huat:sim choon huat
__Sim_Lim_Square:Sim Lim Square:sim lim square
__Sim_Yi_Hui:Sim Yi Hui:sim yi hui
__Simon_Lane:Simon Lane:simon lane
__Simpang_Bedok:Simpang Bedok:simpang bedok
__Simpang_De_Bedok:Simpang De Bedok:simpang de bedok
__Sims_Way:Sims Way:sims way
__Sin_Ming:Sin Ming:sin ming
__Sing_Hoe:Sing Hoe:sing hoe
__Sing_Joo_Walk:Sing Joo Walk:sing joo walk
__Singapore_Art_Museum:Singapore Art Museum:singapore art museum
__Singapore_Bible:Singapore Bible:singapore bible
__Singapore_Botanic_Gardens:Singapore Botanic Gardens:singapore botanic gardens
__Singapore_Cheshire:Singapore Cheshire:singapore cheshire
__Singapore_Conference:Singapore Conference:singapore conference
__Singapore_Philatelic_Museum:Singapore Philatelic Museum:singapore philatelic museum
__Singapore_Recreation:Singapore Recreation:singapore recreation
__Singapore_Sikh_Education_Foundation:Singapore Sikh Education Foundation:singapore sikh education foundation
__Singapore_University_Of_Technology_And_Design:Singapore University Of Technology And Design:singapore university of technology and design
__Singapore_Youth_Flying:Singapore Youth Flying:singapore youth flying
__Singapore'S_Mariners':Singapore'S Mariners':singapore's mariners'
__Siok_Wan:Siok Wan:siok wan
__Siong_Lim:Siong Lim:siong lim
__Sir_Frank_Swettenham:Sir Frank Swettenham:sir frank swettenham
__Sit_Wah_Road:Sit Wah Road:sit wah road
__Sleepy_Kiwi:Sleepy Kiwi:sleepy kiwi
__Sloane_Court_Hotel:Sloane Court Hotel:sloane court hotel
__Soo_Bin_Chua:Soo Bin Chua:soo bin chua
__Soo_Chow_Drive:Soo Chow Drive:soo chow drive
__Soon_Peng_Yam_Yao_Zi:Soon Peng Yam Yao Zi:soon peng yam yao zi
__Soon_Wing_Road:Soon Wing Road:soon wing road
__Sophia_Hull:Sophia Hull:sophia hull
__South_Buona_Vista_Road:South Buona Vista Road:south buona vista road
__South_Perimeter_Road:South Perimeter Road:south perimeter road
__South_Woodlands_Drive:South Woodlands Drive:south woodlands drive
__Spring_Lighthouse:Spring Lighthouse:spring lighthouse
__Spring_Street:Spring Street:spring street
__Springleaf_Avenue:Springleaf Avenue:springleaf avenue
__Springside_View:Springside View:springside view
__Springwood_Close:Springwood Close:springwood close
__Sree_Narayana:Sree Narayana:sree narayana
__Sri_Murugan_Hill_Temple:Sri Murugan Hill Temple:sri murugan hill temple
__Sri_Siva_Durga:Sri Siva Durga:sri siva durga
__Sri_Vairavimada_Kaliamman:Sri Vairavimada Kaliamman:sri vairavimada kaliamman
__Stadium_Crescent:Stadium Crescent:stadium crescent
__Stadium_Way:Stadium Way:stadium way
__Stamford_Raffles:Stamford Raffles:stamford raffles
__Starlight_Road:Starlight Road:starlight road
__Stephen_Lee:Stephen Lee:stephen lee
__Stirling_Walk:Stirling Walk:stirling walk
__Strand_Hotel:Strand Hotel:strand hotel
__Stratton_Road:Stratton Road:stratton road
__Suffolk_Road:Suffolk Road:suffolk road
__Sunbeam_Evergreen_Place:Sunbeam Evergreen Place:sunbeam evergreen place
__Sundridge_Park_Road:Sundridge Park Road:sundridge park road
__Sungei_Bedok:Sungei Bedok:sungei bedok
__Sungei_Gedong_Road:Sungei Gedong Road:sungei gedong road
__Sungei_Road:Sungei Road:sungei road
__Sunny_Ang:Sunny Ang:sunny ang
__Sunset_Close:Sunset Close:sunset close
__Sunset_Square:Sunset Square:sunset square
__Sunset_Vale:Sunset Vale:sunset vale
__Suntec_City:Suntec City:suntec city
__Swiss_Club_Link:Swiss Club Link:swiss club link
__Syed_Jaafar_Albar:Syed Jaafar Albar:syed jaafar albar
__Tagore_Road:Tagore Road:tagore road
__Tai_Hoe:Tai Hoe:tai hoe
__Tai_Seng:Tai Seng:tai seng
__Tai_Seng_Drive:Tai Seng Drive:tai seng drive
__Taman_Bedok:Taman Bedok:taman bedok
__Taman_Jurong:Taman Jurong:taman jurong
__Taman_Kembangan:Taman Kembangan:taman kembangan
__Taman_Warna:Taman Warna:taman warna
__Tamarind_Avenue:Tamarind Avenue:tamarind avenue
__Tamarind_Road:Tamarind Road:tamarind road
__Tampines_Changkat:Tampines Changkat:tampines changkat
__Tan_Boo_Liat:Tan Boo Liat:tan boo liat
__Tan_Eng_Joo:Tan Eng Joo:tan eng joo
__Tan_Kim_Cheng_Road:Tan Kim Cheng Road:tan kim cheng road
__Tan_Teck_Whye_Avenue:Tan Teck Whye Avenue:tan teck whye avenue
__Tan_Tock_Seng:Tan Tock Seng:tan tock seng
__Tanah_Merah:Tanah Merah:tanah merah
__Tanglin_Gate_Road:Tanglin Gate Road:tanglin gate road
__Tanglin_Trust:Tanglin Trust:tanglin trust
__Tangmere_Road:Tangmere Road:tangmere road
__Tanjong_Katong:Tanjong Katong:tanjong katong
__Tanjong_Penjuru:Tanjong Penjuru:tanjong penjuru
__Tanya_Chua:Tanya Chua:tanya chua
__Teban_Garden:Teban Garden:teban garden
__Tebing_Lane:Tebing Lane:tebing lane
__Teck_Hai_Keng:Teck Hai Keng:teck hai keng
__Teck_Whye:Teck Whye:teck whye
__Tekong_Highway:Tekong Highway:tekong highway
__Telok_Blangah_Crescent:Telok Blangah Crescent:telok blangah crescent
__Telok_Blangah_Rise:Telok Blangah Rise:telok blangah rise
__Telok_Blangah_Street:Telok Blangah Street:telok blangah street
__Telok_Kurau:Telok Kurau:telok kurau
__Tembusu_Drive:Tembusu Drive:tembusu drive
__Teng_San_Tian_Hock:Teng San Tian Hock:teng san tian hock
__Teng_Tong_Road:Teng Tong Road:teng tong road
__Terang_Bulan_Avenue:Terang Bulan Avenue:terang bulan avenue
__Tew_Chew_Street:Tew Chew Street:tew chew street
__Thong_Bee_Road:Thong Bee Road:thong bee road
__Thong_Kheng:Thong Kheng:thong kheng
__Tian_Kong:Tian Kong:tian kong
__Tiong_Poh_Avenue:Tiong Poh Avenue:tiong poh avenue
__Tiverton_Lane:Tiverton Lane:tiverton lane
__Toa_Payoh:Toa Payoh:toa payoh
__Toa_Payoh_East:Toa Payoh East:toa payoh east
__Toa_Payoh_North:Toa Payoh North:toa payoh north
__Toa_Payoh_Rise:Toa Payoh Rise:toa payoh rise
__Toh_Tuck_Drive:Toh Tuck Drive:toh tuck drive
__Toh_Tuck_Road:Toh Tuck Road:toh tuck road
__Tokio_Marine:Tokio Marine:tokio marine
__Topaz_Road:Topaz Road:topaz road
__Tras_Street:Tras Street:tras street
__Treetop_Walk:Treetop Walk:treetop walk
__Trevose_Place:Trevose Place:trevose place
__Tuas_Avenue:Tuas Avenue:tuas avenue
__Tuas_Road:Tuas Road:tuas road
__Tuas_Second_Link:Tuas Second Link:tuas second link
__Tuas_Terminal_Road:Tuas Terminal Road:tuas terminal road
__Turf_Ciub_Road:Turf Ciub Road:turf ciub road
__Ubi_Close:Ubi Close:ubi close
__Ubi_Crescent:Ubi Crescent:ubi crescent
__Ubi_Link:Ubi Link:ubi link
__Ulu_Sembawang:Ulu Sembawang:ulu sembawang
__Unity_Street:Unity Street:unity street
__University_Town:University Town:university town
__Upper_Aljunied:Upper Aljunied:upper aljunied
__Upper_Aljunied_Link:Upper Aljunied Link:upper aljunied link
__Upper_Aljunied_Road:Upper Aljunied Road:upper aljunied road
__Upper_Bedok:Upper Bedok:upper bedok
__Upper_Bedok_Road:Upper Bedok Road:upper bedok road
__Upper_Bukit_Timah:Upper Bukit Timah:upper bukit timah
__Upper_Bukit_Timah_Road:Upper Bukit Timah Road:upper bukit timah road
__Upper_Changi_Road:Upper Changi Road:upper changi road
__Upper_Joo_Aljunied_Link:Upper Joo Aljunied Link:upper joo aljunied link
__Upper_Palm_Valley_Road:Upper Palm Valley Road:upper palm valley road
__Upper_Paya_Lebar_Road:Upper Paya Lebar Road:upper paya lebar road
__Upper_Peirce_Reservoir:Upper Peirce Reservoir:upper peirce reservoir
__Upper_Seletar_Reservoir:Upper Seletar Reservoir:upper seletar reservoir
__Upper_Serangoon:Upper Serangoon:upper serangoon
__Upper_Wilkie_Road:Upper Wilkie Road:upper wilkie road
__Vaughan_Road:Vaughan Road:vaughan road
__Veerasamy_Road:Veerasamy Road:veerasamy road
__Verde_Crescent:Verde Crescent:verde crescent
__Victoria_Park_Road:Victoria Park Road:victoria park road
__Vigilante_Drive:Vigilante Drive:vigilante drive
__Vijesh_Ashok_Ghariwala:Vijesh Ashok Ghariwala:vijesh ashok ghariwala
__Vivien_Quahe:Vivien Quahe:vivien quahe
__Wak_Hassan:Wak Hassan:wak hassan
__Wak_Hassan_Place:Wak Hassan Place:wak hassan place
__Wak_Tanjong:Wak Tanjong:wak tanjong
__Wallace_Way:Wallace Way:wallace way
__Walter_Woon:Walter Woon:walter woon
__Wan_Tho_Avenue:Wan Tho Avenue:wan tho avenue
__Wareham_Road:Wareham Road:wareham road
__Waringin_Walk:Waringin Walk:waringin walk
__Warwick_Road:Warwick Road:warwick road
__Waseda_Shibuya:Waseda Shibuya:waseda shibuya
__Waterloo_Street:Waterloo Street:waterloo street
__Watten_Estate_Road:Watten Estate Road:watten estate road
__Wee_Beng_Chong:Wee Beng Chong:wee beng chong
__Wellington_Circle:Wellington Circle:wellington circle
__West_Blue_Stars:West Blue Stars:west blue stars
__West_Perimeter_Road:West Perimeter Road:west perimeter road
__West_Spring:West Spring:west spring
__Westwood_Avenue:Westwood Avenue:westwood avenue
__Whampoa_East:Whampoa East:whampoa east
__Whitchurch_Road:Whitchurch Road:whitchurch road
__Whitley_Road:Whitley Road:whitley road
__Wilmonar_Avenue:Wilmonar Avenue:wilmonar avenue
__Windsor_Park_Hill:Windsor Park Hill:windsor park hill
__Wishart_Road:Wishart Road:wishart road
__Wittering_Road:Wittering Road:wittering road
__Wong_Chin_Yoke_Road:Wong Chin Yoke Road:wong chin yoke road
__Wong_Hock_Boon:Wong Hock Boon:wong hock boon
__Woodgrove_View:Woodgrove View:woodgrove view
__Woodland_Street:Woodland Street:woodland street
__Woodlands_Galaxy:Woodlands Galaxy:woodlands galaxy
__Woodleigh_Close:Woodleigh Close:woodleigh close
__Xilin_Avenue:Xilin Avenue:xilin avenue
__Yan_Hui_Chang:Yan Hui Chang:yan hui chang
__Yangtze_Building:Yangtze Building:yangtze building
__Yao_Zi:Yao Zi:yao zi
__Yarwood_Avenue:Yarwood Avenue:yarwood avenue
__Yeoh_Ghim_Seng:Yeoh Ghim Seng:yeoh ghim seng
__Yew_Tee:Yew Tee:yew tee
__Yew_Tee_Close:Yew Tee Close:yew tee close
__Yew_Tee_Point:Yew Tee Point:yew tee point
__Yip_Cheong_Fun:Yip Cheong Fun:yip cheong fun
__Yishun_Central:Yishun Central:yishun central
__Yishun_Street:Yishun Street:yishun street
__Yong_Melvin_Yik_Chye:Yong Melvin Yik Chye:yong melvin yik chye
__York_Place:York Place:york place
__Yu_Huang_Zhi_Zun_Temple:Yu Huang Zhi Zun Temple:yu huang zhi zun temple
__Yuan_Ching:Yuan Ching:yuan ching
__Yung_Kuang_Road:Yung Kuang Road:yung kuang road
__Yuva_Bharati:Yuva Bharati:yuva bharati
__Yvonne_Ng:Yvonne Ng:yvonne ng
__Zainudin_Nordin:Zainudin Nordin:zainudin nordin
__Zhang_Hui:Zhang Hui:zhang hui
__Zhou_Ying_Nan:Zhou Ying Nan:zhou ying nan
__Zion_Bishan_Bible_Presbyterian:Zion Bishan Bible Presbyterian:zion bishan bible presbyterian
